[debug] [2026-08-21T16:17:47.509Z] ----------------------------------------------------------------------
[debug] [2026-08-21T16:17:47.510Z] Command:       /Users/migue/.nvm/versions/node/v24.18.0/bin/node /Users/migue/.nvm/versions/node/v24.18.0/bin/firebase deploy --only functions --project miguel-angel-gutierrez-ibague
[debug] [2026-08-21T16:17:47.511Z] CLI Version:   15.28.1
[debug] [2026-08-21T16:17:47.511Z] Platform:      darwin
[debug] [2026-08-21T16:17:47.511Z] Node Version:  v24.18.0
[debug] [2026-08-21T16:17:47.511Z] Detected Agent: unknown
[debug] [2026-08-21T16:17:47.511Z] Time:          Fri Aug 21 2026 11:17:47 GMT-0500 (Colombia Standard Time)
[debug] [2026-08-21T16:17:47.511Z] ----------------------------------------------------------------------
[debug] 
[debug] [2026-08-21T16:17:48.084Z] > command requires scopes: ["email","openid","https://www.googleapis.com/auth/cloudplatformprojects.readonly","https://www.googleapis.com/auth/firebase","https://www.googleapis.com/auth/cloud-platform"]
[debug] [2026-08-21T16:17:48.084Z] > authorizing via signed-in user (miguelangelgi.97@gmail.com)
[debug] [2026-08-21T16:17:48.084Z] [iam] checking project miguel-angel-gutierrez-ibague for permissions ["cloudfunctions.functions.create","cloudfunctions.functions.delete","cloudfunctions.functions.get","cloudfunctions.functions.list","cloudfunctions.functions.update","cloudfunctions.operations.get","firebase.projects.get"]
[debug] [2026-08-21T16:17:48.088Z] Checked if tokens are valid: true, expires at: 1787332633345
[debug] [2026-08-21T16:17:48.088Z] Checked if tokens are valid: true, expires at: 1787332633345
[debug] [2026-08-21T16:17:48.088Z] >>> [apiv2][query] POST https://cloudresourcemanager.googleapis.com/v1/projects/miguel-angel-gutierrez-ibague:testIamPermissions [none]
[debug] [2026-08-21T16:17:48.088Z] >>> [apiv2][(partial)header] POST https://cloudresourcemanager.googleapis.com/v1/projects/miguel-angel-gutierrez-ibague:testIamPermissions  x-goog-user-project=miguel-angel-gutierrez-ibague
[debug] [2026-08-21T16:17:48.089Z] >>> [apiv2][body] POST https://cloudresourcemanager.googleapis.com/v1/projects/miguel-angel-gutierrez-ibague:testIamPermissions {"permissions":["cloudfunctions.functions.create","cloudfunctions.functions.delete","cloudfunctions.functions.get","cloudfunctions.functions.list","cloudfunctions.functions.update","cloudfunctions.operations.get","firebase.projects.get"]}
[debug] [2026-08-21T16:17:48.657Z] <<< [apiv2][status] POST https://cloudresourcemanager.googleapis.com/v1/projects/miguel-angel-gutierrez-ibague:testIamPermissions 200
[debug] [2026-08-21T16:17:48.657Z] <<< [apiv2][body] POST https://cloudresourcemanager.googleapis.com/v1/projects/miguel-angel-gutierrez-ibague:testIamPermissions {"permissions":["cloudfunctions.functions.create","cloudfunctions.functions.delete","cloudfunctions.functions.get","cloudfunctions.functions.list","cloudfunctions.functions.update","cloudfunctions.operations.get","firebase.projects.get"]}
[debug] [2026-08-21T16:17:48.658Z] Checked if tokens are valid: true, expires at: 1787332633345
[debug] [2026-08-21T16:17:48.658Z] Checked if tokens are valid: true, expires at: 1787332633345
[debug] [2026-08-21T16:17:48.658Z] >>> [apiv2][query] POST https://iam.googleapis.com/v1/projects/miguel-angel-gutierrez-ibague/serviceAccounts/miguel-angel-gutierrez-ibague@appspot.gserviceaccount.com:testIamPermissions [none]
[debug] [2026-08-21T16:17:48.658Z] >>> [apiv2][body] POST https://iam.googleapis.com/v1/projects/miguel-angel-gutierrez-ibague/serviceAccounts/miguel-angel-gutierrez-ibague@appspot.gserviceaccount.com:testIamPermissions {"permissions":["iam.serviceAccounts.actAs"]}
[debug] [2026-08-21T16:17:49.440Z] <<< [apiv2][status] POST https://iam.googleapis.com/v1/projects/miguel-angel-gutierrez-ibague/serviceAccounts/miguel-angel-gutierrez-ibague@appspot.gserviceaccount.com:testIamPermissions 404
[debug] [2026-08-21T16:17:49.440Z] <<< [apiv2][body] POST https://iam.googleapis.com/v1/projects/miguel-angel-gutierrez-ibague/serviceAccounts/miguel-angel-gutierrez-ibague@appspot.gserviceaccount.com:testIamPermissions {"error":{"code":404,"message":"Unknown service account","status":"NOT_FOUND"}}
[debug] [2026-08-21T16:17:49.440Z] [functions] service account IAM check errored, deploy may fail: Request to https://iam.googleapis.com/v1/projects/miguel-angel-gutierrez-ibague/serviceAccounts/miguel-angel-gutierrez-ibague@appspot.gserviceaccount.com:testIamPermissions had HTTP Error: 404, Unknown service account {"name":"FirebaseError","children":[],"context":{"body":{"error":{"code":404,"message":"Unknown service account","status":"NOT_FOUND"}},"response":{"statusCode":404}},"exit":1,"message":"Request to https://iam.googleapis.com/v1/projects/miguel-angel-gutierrez-ibague/serviceAccounts/miguel-angel-gutierrez-ibague@appspot.gserviceaccount.com:testIamPermissions had HTTP Error: 404, Unknown service account","status":404}
[info] 
[info] === Deploying to 'miguel-angel-gutierrez-ibague'...
[info] 
[info] i  deploying functions 
[info] Running command: npm --prefix "$RESOURCE_DIR" run build
[info] ✔  functions: Finished running predeploy script. 
[debug] [2026-08-21T16:17:50.265Z] Checked if tokens are valid: true, expires at: 1787332633345
[debug] [2026-08-21T16:17:50.265Z] Checked if tokens are valid: true, expires at: 1787332633345
[debug] [2026-08-21T16:17:50.265Z] >>> [apiv2][query] GET https://cloudresourcemanager.googleapis.com/v1/projects/miguel-angel-gutierrez-ibague [none]
[debug] [2026-08-21T16:17:50.416Z] <<< [apiv2][status] GET https://cloudresourcemanager.googleapis.com/v1/projects/miguel-angel-gutierrez-ibague 200
[debug] [2026-08-21T16:17:50.416Z] <<< [apiv2][body] GET https://cloudresourcemanager.googleapis.com/v1/projects/miguel-angel-gutierrez-ibague {"projectNumber":"104464044983","projectId":"miguel-angel-gutierrez-ibague","lifecycleState":"ACTIVE","name":"miguel-angel-gutierrez-ibague","labels":{"firebase":"enabled"},"createTime":"2020-11-15T18:33:08.551Z"}
[info] i  functions: preparing codebase admin for deployment 
[info] i  functions: ensuring required API cloudfunctions.googleapis.com is enabled... 
[debug] [2026-08-21T16:17:50.418Z] Checked if tokens are valid: true, expires at: 1787332633345
[debug] [2026-08-21T16:17:50.418Z] Checked if tokens are valid: true, expires at: 1787332633345
[info] i  functions: ensuring required API cloudbuild.googleapis.com is enabled... 
[debug] [2026-08-21T16:17:50.418Z] Checked if tokens are valid: true, expires at: 1787332633345
[debug] [2026-08-21T16:17:50.418Z] Checked if tokens are valid: true, expires at: 1787332633345
[info] i  artifactregistry: ensuring required API artifactregistry.googleapis.com is enabled... 
[debug] [2026-08-21T16:17:50.418Z] Checked if tokens are valid: true, expires at: 1787332633345
[debug] [2026-08-21T16:17:50.418Z] Checked if tokens are valid: true, expires at: 1787332633345
[debug] [2026-08-21T16:17:50.418Z] >>> [apiv2][query] GET https://serviceusage.googleapis.com/v1/projects/miguel-angel-gutierrez-ibague/services/runtimeconfig.googleapis.com [none]
[debug] [2026-08-21T16:17:50.418Z] >>> [apiv2][(partial)header] GET https://serviceusage.googleapis.com/v1/projects/miguel-angel-gutierrez-ibague/services/runtimeconfig.googleapis.com  x-goog-user-project=miguel-angel-gutierrez-ibague
[debug] [2026-08-21T16:17:50.419Z] >>> [apiv2][query] GET https://serviceusage.googleapis.com/v1/projects/miguel-angel-gutierrez-ibague/services/cloudbuild.googleapis.com [none]
[debug] [2026-08-21T16:17:50.419Z] >>> [apiv2][(partial)header] GET https://serviceusage.googleapis.com/v1/projects/miguel-angel-gutierrez-ibague/services/cloudbuild.googleapis.com  x-goog-user-project=miguel-angel-gutierrez-ibague
[debug] [2026-08-21T16:17:50.420Z] >>> [apiv2][query] GET https://serviceusage.googleapis.com/v1/projects/miguel-angel-gutierrez-ibague/services/artifactregistry.googleapis.com [none]
[debug] [2026-08-21T16:17:50.420Z] >>> [apiv2][(partial)header] GET https://serviceusage.googleapis.com/v1/projects/miguel-angel-gutierrez-ibague/services/artifactregistry.googleapis.com  x-goog-user-project=miguel-angel-gutierrez-ibague
[debug] [2026-08-21T16:17:51.040Z] <<< [apiv2][status] GET https://serviceusage.googleapis.com/v1/projects/miguel-angel-gutierrez-ibague/services/runtimeconfig.googleapis.com 200
[debug] [2026-08-21T16:17:51.041Z] <<< [apiv2][body] GET https://serviceusage.googleapis.com/v1/projects/miguel-angel-gutierrez-ibague/services/runtimeconfig.googleapis.com [omitted]
[debug] [2026-08-21T16:17:51.054Z] <<< [apiv2][status] GET https://serviceusage.googleapis.com/v1/projects/miguel-angel-gutierrez-ibague/services/artifactregistry.googleapis.com 200
[debug] [2026-08-21T16:17:51.054Z] <<< [apiv2][body] GET https://serviceusage.googleapis.com/v1/projects/miguel-angel-gutierrez-ibague/services/artifactregistry.googleapis.com [omitted]
[warn] ⚠  artifactregistry: missing required API artifactregistry.googleapis.com. Enabling now... 
[debug] [2026-08-21T16:17:51.055Z] Checked if tokens are valid: true, expires at: 1787332633345
[debug] [2026-08-21T16:17:51.055Z] Checked if tokens are valid: true, expires at: 1787332633345
[debug] [2026-08-21T16:17:51.055Z] >>> [apiv2][query] POST https://serviceusage.googleapis.com/v1/projects/miguel-angel-gutierrez-ibague/services/artifactregistry.googleapis.com:enable [none]
[debug] [2026-08-21T16:17:51.055Z] >>> [apiv2][(partial)header] POST https://serviceusage.googleapis.com/v1/projects/miguel-angel-gutierrez-ibague/services/artifactregistry.googleapis.com:enable  x-goog-user-project=miguel-angel-gutierrez-ibague
[debug] [2026-08-21T16:17:51.059Z] <<< [apiv2][status] GET https://serviceusage.googleapis.com/v1/projects/miguel-angel-gutierrez-ibague/services/cloudbuild.googleapis.com 200
[debug] [2026-08-21T16:17:51.059Z] <<< [apiv2][body] GET https://serviceusage.googleapis.com/v1/projects/miguel-angel-gutierrez-ibague/services/cloudbuild.googleapis.com [omitted]
[warn] ⚠  functions: missing required API cloudbuild.googleapis.com. Enabling now... 
[debug] [2026-08-21T16:17:51.059Z] Checked if tokens are valid: true, expires at: 1787332633345
[debug] [2026-08-21T16:17:51.059Z] Checked if tokens are valid: true, expires at: 1787332633345
[debug] [2026-08-21T16:17:51.059Z] >>> [apiv2][query] POST https://serviceusage.googleapis.com/v1/projects/miguel-angel-gutierrez-ibague/services/cloudbuild.googleapis.com:enable [none]
[debug] [2026-08-21T16:17:51.059Z] >>> [apiv2][(partial)header] POST https://serviceusage.googleapis.com/v1/projects/miguel-angel-gutierrez-ibague/services/cloudbuild.googleapis.com:enable  x-goog-user-project=miguel-angel-gutierrez-ibague
[debug] [2026-08-21T16:17:51.793Z] <<< [apiv2][status] POST https://serviceusage.googleapis.com/v1/projects/miguel-angel-gutierrez-ibague/services/artifactregistry.googleapis.com:enable 200
[debug] [2026-08-21T16:17:51.793Z] <<< [apiv2][body] POST https://serviceusage.googleapis.com/v1/projects/miguel-angel-gutierrez-ibague/services/artifactregistry.googleapis.com:enable [omitted]
[debug] [2026-08-21T16:17:52.098Z] <<< [apiv2][status] POST https://serviceusage.googleapis.com/v1/projects/miguel-angel-gutierrez-ibague/services/cloudbuild.googleapis.com:enable 200
[debug] [2026-08-21T16:17:52.098Z] <<< [apiv2][body] POST https://serviceusage.googleapis.com/v1/projects/miguel-angel-gutierrez-ibague/services/cloudbuild.googleapis.com:enable [omitted]
[debug] [2026-08-21T16:18:02.108Z] Checked if tokens are valid: true, expires at: 1787332633345
[debug] [2026-08-21T16:18:02.108Z] Checked if tokens are valid: true, expires at: 1787332633345
[debug] [2026-08-21T16:18:02.108Z] >>> [apiv2][query] GET https://firebase.googleapis.com/v1beta1/projects/miguel-angel-gutierrez-ibague/adminSdkConfig [none]
[debug] [2026-08-21T16:18:02.525Z] <<< [apiv2][status] GET https://firebase.googleapis.com/v1beta1/projects/miguel-angel-gutierrez-ibague/adminSdkConfig 200
[debug] [2026-08-21T16:18:02.525Z] <<< [apiv2][body] GET https://firebase.googleapis.com/v1beta1/projects/miguel-angel-gutierrez-ibague/adminSdkConfig {"projectId":"miguel-angel-gutierrez-ibague","databaseURL":"https://miguel-angel-gutierrez-ibague.firebaseio.com","storageBucket":"miguel-angel-gutierrez-ibague.firebasestorage.app"}
[debug] [2026-08-21T16:18:02.525Z] Checked if tokens are valid: true, expires at: 1787332633345
[debug] [2026-08-21T16:18:02.525Z] Checked if tokens are valid: true, expires at: 1787332633345
[debug] [2026-08-21T16:18:02.525Z] >>> [apiv2][query] GET https://runtimeconfig.googleapis.com/v1beta1/projects/miguel-angel-gutierrez-ibague/configs [none]
[debug] [2026-08-21T16:18:03.105Z] <<< [apiv2][status] GET https://runtimeconfig.googleapis.com/v1beta1/projects/miguel-angel-gutierrez-ibague/configs 200
[debug] [2026-08-21T16:18:03.105Z] <<< [apiv2][body] GET https://runtimeconfig.googleapis.com/v1beta1/projects/miguel-angel-gutierrez-ibague/configs {}
[debug] [2026-08-21T16:18:03.107Z] Validating nodejs source
[debug] [2026-08-21T16:18:03.636Z] > [functions] package.json contents: {
  "name": "cv-admin-panel-functions",
  "version": "0.1.0",
  "private": true,
  "main": "lib/index.js",
  "engines": {
    "node": "22"
  },
  "scripts": {
    "build": "tsc",
    "build:watch": "tsc --watch",
    "serve": "npm run build && firebase emulators:start --only functions",
    "deploy": "firebase deploy --only functions"
  },
  "dependencies": {
    "@sanity/client": "^7.12.0",
    "firebase-admin": "^13.0.0",
    "firebase-functions": "^6.3.0"
  },
  "devDependencies": {
    "@types/node": "^22.0.0",
    "typescript": "~5.8.0"
  }
}
[debug] [2026-08-21T16:18:03.636Z] Building nodejs source
[info] i  functions: Loading and analyzing source code for codebase admin to determine what to deploy 
[debug] [2026-08-21T16:18:03.637Z] Could not find functions.yaml. Must use http discovery
[debug] [2026-08-21T16:18:03.642Z] Found firebase-functions binary at '/Users/migue/Documents/Projects/CV-Workspace/cv-admin-panel/functions/node_modules/.bin/firebase-functions'
[info] Serving at port 8941

[debug] [2026-08-21T16:18:04.274Z] Got response from /__/functions.yaml {"endpoints":{"sanityWrite":{"availableMemoryMb":null,"timeoutSeconds":null,"minInstances":null,"maxInstances":10,"ingressSettings":null,"concurrency":null,"serviceAccountEmail":null,"vpc":null,"platform":"gcfv2","region":["us-central1"],"secretEnvironmentVariables":[{"key":"SANITY_WRITE_TOKEN"}],"labels":{},"callableTrigger":{},"entryPoint":"sanityWrite"}},"specVersion":"v1alpha1","requiredAPIs":[],"extensions":{},"params":[{"type":"secret","name":"SANITY_WRITE_TOKEN"}]}
[debug] [2026-08-21T16:18:07.295Z] Checked if tokens are valid: true, expires at: 1787332633345
[debug] [2026-08-21T16:18:07.295Z] Checked if tokens are valid: true, expires at: 1787332633345
[debug] [2026-08-21T16:18:07.296Z] >>> [apiv2][query] GET https://cloudfunctions.googleapis.com/v1/projects/miguel-angel-gutierrez-ibague/locations/-/functions [none]
[debug] [2026-08-21T16:18:08.147Z] <<< [apiv2][status] GET https://cloudfunctions.googleapis.com/v1/projects/miguel-angel-gutierrez-ibague/locations/-/functions 200
[debug] [2026-08-21T16:18:08.147Z] <<< [apiv2][body] GET https://cloudfunctions.googleapis.com/v1/projects/miguel-angel-gutierrez-ibague/locations/-/functions {}
[debug] [2026-08-21T16:18:08.147Z] Checked if tokens are valid: true, expires at: 1787332633345
[debug] [2026-08-21T16:18:08.147Z] Checked if tokens are valid: true, expires at: 1787332633345
[debug] [2026-08-21T16:18:08.148Z] >>> [apiv2][query] GET https://cloudfunctions.googleapis.com/v2/projects/miguel-angel-gutierrez-ibague/locations/-/functions filter=environment%3D%22GEN_2%22
[debug] [2026-08-21T16:18:08.781Z] <<< [apiv2][status] GET https://cloudfunctions.googleapis.com/v2/projects/miguel-angel-gutierrez-ibague/locations/-/functions 200
[debug] [2026-08-21T16:18:08.781Z] <<< [apiv2][body] GET https://cloudfunctions.googleapis.com/v2/projects/miguel-angel-gutierrez-ibague/locations/-/functions {}
[info] i  extensions: ensuring required API firebaseextensions.googleapis.com is enabled... 
[debug] [2026-08-21T16:18:08.783Z] Checked if tokens are valid: true, expires at: 1787332633345
[debug] [2026-08-21T16:18:08.783Z] Checked if tokens are valid: true, expires at: 1787332633345
[debug] [2026-08-21T16:18:08.783Z] >>> [apiv2][query] GET https://serviceusage.googleapis.com/v1/projects/miguel-angel-gutierrez-ibague/services/firebaseextensions.googleapis.com [none]
[debug] [2026-08-21T16:18:08.783Z] >>> [apiv2][(partial)header] GET https://serviceusage.googleapis.com/v1/projects/miguel-angel-gutierrez-ibague/services/firebaseextensions.googleapis.com  x-goog-user-project=miguel-angel-gutierrez-ibague
[debug] [2026-08-21T16:18:09.418Z] <<< [apiv2][status] GET https://serviceusage.googleapis.com/v1/projects/miguel-angel-gutierrez-ibague/services/firebaseextensions.googleapis.com 200
[debug] [2026-08-21T16:18:09.418Z] <<< [apiv2][body] GET https://serviceusage.googleapis.com/v1/projects/miguel-angel-gutierrez-ibague/services/firebaseextensions.googleapis.com [omitted]
[warn] ⚠  extensions: missing required API firebaseextensions.googleapis.com. Enabling now... 
[debug] [2026-08-21T16:18:09.418Z] Checked if tokens are valid: true, expires at: 1787332633345
[debug] [2026-08-21T16:18:09.419Z] Checked if tokens are valid: true, expires at: 1787332633345
[debug] [2026-08-21T16:18:09.419Z] >>> [apiv2][query] POST https://serviceusage.googleapis.com/v1/projects/miguel-angel-gutierrez-ibague/services/firebaseextensions.googleapis.com:enable [none]
[debug] [2026-08-21T16:18:09.419Z] >>> [apiv2][(partial)header] POST https://serviceusage.googleapis.com/v1/projects/miguel-angel-gutierrez-ibague/services/firebaseextensions.googleapis.com:enable  x-goog-user-project=miguel-angel-gutierrez-ibague
[debug] [2026-08-21T16:18:10.430Z] <<< [apiv2][status] POST https://serviceusage.googleapis.com/v1/projects/miguel-angel-gutierrez-ibague/services/firebaseextensions.googleapis.com:enable 200
[debug] [2026-08-21T16:18:10.430Z] <<< [apiv2][body] POST https://serviceusage.googleapis.com/v1/projects/miguel-angel-gutierrez-ibague/services/firebaseextensions.googleapis.com:enable [omitted]
[debug] [2026-08-21T16:18:20.444Z] > command requires scopes: ["email","openid","https://www.googleapis.com/auth/cloudplatformprojects.readonly","https://www.googleapis.com/auth/firebase","https://www.googleapis.com/auth/cloud-platform"]
[debug] [2026-08-21T16:18:20.444Z] > authorizing via signed-in user (miguelangelgi.97@gmail.com)
[debug] [2026-08-21T16:18:20.444Z] [iam] checking project miguel-angel-gutierrez-ibague for permissions ["firebase.projects.get","firebaseextensions.instances.list"]
[debug] [2026-08-21T16:18:20.445Z] Checked if tokens are valid: true, expires at: 1787332633345
[debug] [2026-08-21T16:18:20.445Z] Checked if tokens are valid: true, expires at: 1787332633345
[debug] [2026-08-21T16:18:20.445Z] >>> [apiv2][query] POST https://cloudresourcemanager.googleapis.com/v1/projects/miguel-angel-gutierrez-ibague:testIamPermissions [none]
[debug] [2026-08-21T16:18:20.445Z] >>> [apiv2][(partial)header] POST https://cloudresourcemanager.googleapis.com/v1/projects/miguel-angel-gutierrez-ibague:testIamPermissions  x-goog-user-project=miguel-angel-gutierrez-ibague
[debug] [2026-08-21T16:18:20.445Z] >>> [apiv2][body] POST https://cloudresourcemanager.googleapis.com/v1/projects/miguel-angel-gutierrez-ibague:testIamPermissions {"permissions":["firebase.projects.get","firebaseextensions.instances.list"]}
[debug] [2026-08-21T16:18:20.901Z] <<< [apiv2][status] POST https://cloudresourcemanager.googleapis.com/v1/projects/miguel-angel-gutierrez-ibague:testIamPermissions 200
[debug] [2026-08-21T16:18:20.901Z] <<< [apiv2][body] POST https://cloudresourcemanager.googleapis.com/v1/projects/miguel-angel-gutierrez-ibague:testIamPermissions {"permissions":["firebase.projects.get","firebaseextensions.instances.list"]}
[debug] [2026-08-21T16:18:20.902Z] Checked if tokens are valid: true, expires at: 1787332633345
[debug] [2026-08-21T16:18:20.902Z] Checked if tokens are valid: true, expires at: 1787332633345
[debug] [2026-08-21T16:18:20.903Z] >>> [apiv2][query] GET https://firebaseextensions.googleapis.com/v1beta/projects/miguel-angel-gutierrez-ibague/instances pageSize=100&pageToken=
[debug] [2026-08-21T16:18:23.016Z] <<< [apiv2][status] GET https://firebaseextensions.googleapis.com/v1beta/projects/miguel-angel-gutierrez-ibague/instances 200
[debug] [2026-08-21T16:18:23.016Z] <<< [apiv2][body] GET https://firebaseextensions.googleapis.com/v1beta/projects/miguel-angel-gutierrez-ibague/instances {}
[debug] [2026-08-21T16:18:23.017Z] Attempting to merge .env secret bindings {} into declared secrets...)}
[debug] [2026-08-21T16:18:23.017Z] sanityWrite declared secrets: [{"key":"SANITY_WRITE_TOKEN","secret":"SANITY_WRITE_TOKEN","projectId":"miguel-angel-gutierrez-ibague"}]
[debug] [2026-08-21T16:18:23.018Z] Checked if tokens are valid: true, expires at: 1787332633345
[debug] [2026-08-21T16:18:23.018Z] Checked if tokens are valid: true, expires at: 1787332633345
[debug] [2026-08-21T16:18:23.018Z] >>> [apiv2][query] GET https://secretmanager.googleapis.com/v1/projects/miguel-angel-gutierrez-ibague/secrets/SANITY_WRITE_TOKEN [none]
[debug] [2026-08-21T16:18:23.700Z] <<< [apiv2][status] GET https://secretmanager.googleapis.com/v1/projects/miguel-angel-gutierrez-ibague/secrets/SANITY_WRITE_TOKEN 200
[debug] [2026-08-21T16:18:23.701Z] <<< [apiv2][body] GET https://secretmanager.googleapis.com/v1/projects/miguel-angel-gutierrez-ibague/secrets/SANITY_WRITE_TOKEN {"name":"projects/104464044983/secrets/SANITY_WRITE_TOKEN","replication":{"automatic":{}},"createTime":"2026-08-21T16:17:27.082329Z","labels":{"firebase-managed":"functions"},"etag":"\"165990f8f6ef20\""}
[debug] [2026-08-21T16:18:23.701Z] Checked if tokens are valid: true, expires at: 1787332633345
[debug] [2026-08-21T16:18:23.701Z] Checked if tokens are valid: true, expires at: 1787332633345
[debug] [2026-08-21T16:18:23.701Z] >>> [apiv2][query] GET https://secretmanager.googleapis.com/v1/projects/miguel-angel-gutierrez-ibague/secrets/SANITY_WRITE_TOKEN/versions/latest [none]
[debug] [2026-08-21T16:18:23.861Z] <<< [apiv2][status] GET https://secretmanager.googleapis.com/v1/projects/miguel-angel-gutierrez-ibague/secrets/SANITY_WRITE_TOKEN/versions/latest 200
[debug] [2026-08-21T16:18:23.861Z] <<< [apiv2][body] GET https://secretmanager.googleapis.com/v1/projects/miguel-angel-gutierrez-ibague/secrets/SANITY_WRITE_TOKEN/versions/latest {"name":"projects/104464044983/secrets/SANITY_WRITE_TOKEN/versions/1","createTime":"2026-08-21T16:17:38.075736Z","state":"ENABLED","replicationStatus":{"automatic":{}},"etag":"\"165990f99a7458\""}
[info] i  functions: preparing functions directory for uploading... 
[info] i  functions: packaged /Users/migue/Documents/Projects/CV-Workspace/cv-admin-panel/functions (40.76 KB) for uploading 
[info] i  functions: ensuring required API run.googleapis.com is enabled... 
[debug] [2026-08-21T16:18:23.878Z] Checked if tokens are valid: true, expires at: 1787332633345
[debug] [2026-08-21T16:18:23.878Z] Checked if tokens are valid: true, expires at: 1787332633345
[info] i  functions: ensuring required API eventarc.googleapis.com is enabled... 
[debug] [2026-08-21T16:18:23.878Z] Checked if tokens are valid: true, expires at: 1787332633345
[debug] [2026-08-21T16:18:23.878Z] Checked if tokens are valid: true, expires at: 1787332633345
[info] i  functions: ensuring required API pubsub.googleapis.com is enabled... 
[debug] [2026-08-21T16:18:23.878Z] Checked if tokens are valid: true, expires at: 1787332633345
[debug] [2026-08-21T16:18:23.878Z] Checked if tokens are valid: true, expires at: 1787332633345
[info] i  functions: ensuring required API storage.googleapis.com is enabled... 
[debug] [2026-08-21T16:18:23.878Z] Checked if tokens are valid: true, expires at: 1787332633345
[debug] [2026-08-21T16:18:23.878Z] Checked if tokens are valid: true, expires at: 1787332633345
[debug] [2026-08-21T16:18:23.878Z] >>> [apiv2][query] GET https://serviceusage.googleapis.com/v1/projects/104464044983/services/run.googleapis.com [none]
[debug] [2026-08-21T16:18:23.878Z] >>> [apiv2][(partial)header] GET https://serviceusage.googleapis.com/v1/projects/104464044983/services/run.googleapis.com  x-goog-user-project=104464044983
[debug] [2026-08-21T16:18:23.879Z] >>> [apiv2][query] GET https://serviceusage.googleapis.com/v1/projects/104464044983/services/eventarc.googleapis.com [none]
[debug] [2026-08-21T16:18:23.879Z] >>> [apiv2][(partial)header] GET https://serviceusage.googleapis.com/v1/projects/104464044983/services/eventarc.googleapis.com  x-goog-user-project=104464044983
[debug] [2026-08-21T16:18:23.879Z] >>> [apiv2][query] GET https://serviceusage.googleapis.com/v1/projects/104464044983/services/pubsub.googleapis.com [none]
[debug] [2026-08-21T16:18:23.879Z] >>> [apiv2][(partial)header] GET https://serviceusage.googleapis.com/v1/projects/104464044983/services/pubsub.googleapis.com  x-goog-user-project=104464044983
[debug] [2026-08-21T16:18:23.880Z] >>> [apiv2][query] GET https://serviceusage.googleapis.com/v1/projects/104464044983/services/storage.googleapis.com [none]
[debug] [2026-08-21T16:18:23.880Z] >>> [apiv2][(partial)header] GET https://serviceusage.googleapis.com/v1/projects/104464044983/services/storage.googleapis.com  x-goog-user-project=104464044983
[debug] [2026-08-21T16:18:24.703Z] <<< [apiv2][status] GET https://serviceusage.googleapis.com/v1/projects/104464044983/services/eventarc.googleapis.com 200
[debug] [2026-08-21T16:18:24.704Z] <<< [apiv2][body] GET https://serviceusage.googleapis.com/v1/projects/104464044983/services/eventarc.googleapis.com [omitted]
[warn] ⚠  functions: missing required API eventarc.googleapis.com. Enabling now... 
[debug] [2026-08-21T16:18:24.704Z] Checked if tokens are valid: true, expires at: 1787332633345
[debug] [2026-08-21T16:18:24.704Z] Checked if tokens are valid: true, expires at: 1787332633345
[debug] [2026-08-21T16:18:24.704Z] >>> [apiv2][query] POST https://serviceusage.googleapis.com/v1/projects/104464044983/services/eventarc.googleapis.com:enable [none]
[debug] [2026-08-21T16:18:24.704Z] >>> [apiv2][(partial)header] POST https://serviceusage.googleapis.com/v1/projects/104464044983/services/eventarc.googleapis.com:enable  x-goog-user-project=104464044983
[debug] [2026-08-21T16:18:24.705Z] <<< [apiv2][status] GET https://serviceusage.googleapis.com/v1/projects/104464044983/services/pubsub.googleapis.com 200
[debug] [2026-08-21T16:18:24.705Z] <<< [apiv2][body] GET https://serviceusage.googleapis.com/v1/projects/104464044983/services/pubsub.googleapis.com [omitted]
[info] ✔  functions: required API pubsub.googleapis.com is enabled 
[debug] [2026-08-21T16:18:24.715Z] <<< [apiv2][status] GET https://serviceusage.googleapis.com/v1/projects/104464044983/services/storage.googleapis.com 200
[debug] [2026-08-21T16:18:24.715Z] <<< [apiv2][body] GET https://serviceusage.googleapis.com/v1/projects/104464044983/services/storage.googleapis.com [omitted]
[info] ✔  functions: required API storage.googleapis.com is enabled 
[debug] [2026-08-21T16:18:24.745Z] <<< [apiv2][status] GET https://serviceusage.googleapis.com/v1/projects/104464044983/services/run.googleapis.com 200
[debug] [2026-08-21T16:18:24.745Z] <<< [apiv2][body] GET https://serviceusage.googleapis.com/v1/projects/104464044983/services/run.googleapis.com [omitted]
[warn] ⚠  functions: missing required API run.googleapis.com. Enabling now... 
[debug] [2026-08-21T16:18:24.745Z] Checked if tokens are valid: true, expires at: 1787332633345
[debug] [2026-08-21T16:18:24.745Z] Checked if tokens are valid: true, expires at: 1787332633345
[debug] [2026-08-21T16:18:24.745Z] >>> [apiv2][query] POST https://serviceusage.googleapis.com/v1/projects/104464044983/services/run.googleapis.com:enable [none]
[debug] [2026-08-21T16:18:24.745Z] >>> [apiv2][(partial)header] POST https://serviceusage.googleapis.com/v1/projects/104464044983/services/run.googleapis.com:enable  x-goog-user-project=104464044983
[debug] [2026-08-21T16:18:25.585Z] <<< [apiv2][status] POST https://serviceusage.googleapis.com/v1/projects/104464044983/services/run.googleapis.com:enable 200
[debug] [2026-08-21T16:18:25.585Z] <<< [apiv2][body] POST https://serviceusage.googleapis.com/v1/projects/104464044983/services/run.googleapis.com:enable [omitted]
[debug] [2026-08-21T16:18:25.674Z] <<< [apiv2][status] POST https://serviceusage.googleapis.com/v1/projects/104464044983/services/eventarc.googleapis.com:enable 200
[debug] [2026-08-21T16:18:25.674Z] <<< [apiv2][body] POST https://serviceusage.googleapis.com/v1/projects/104464044983/services/eventarc.googleapis.com:enable [omitted]
[info] i  functions: generating the service identity for pubsub.googleapis.com... 
[debug] [2026-08-21T16:18:35.687Z] Checked if tokens are valid: true, expires at: 1787332633345
[debug] [2026-08-21T16:18:35.687Z] Checked if tokens are valid: true, expires at: 1787332633345
[info] i  functions: generating the service identity for eventarc.googleapis.com... 
[debug] [2026-08-21T16:18:35.688Z] Checked if tokens are valid: true, expires at: 1787332633345
[debug] [2026-08-21T16:18:35.688Z] Checked if tokens are valid: true, expires at: 1787332633345
[debug] [2026-08-21T16:18:35.688Z] >>> [apiv2][query] POST https://serviceusage.googleapis.com/v1beta1/projects/104464044983/services/pubsub.googleapis.com:generateServiceIdentity [none]
[debug] [2026-08-21T16:18:35.688Z] >>> [apiv2][(partial)header] POST https://serviceusage.googleapis.com/v1beta1/projects/104464044983/services/pubsub.googleapis.com:generateServiceIdentity  x-goog-user-project=104464044983
[debug] [2026-08-21T16:18:35.688Z] >>> [apiv2][body] POST https://serviceusage.googleapis.com/v1beta1/projects/104464044983/services/pubsub.googleapis.com:generateServiceIdentity {}
[debug] [2026-08-21T16:18:35.688Z] >>> [apiv2][query] POST https://serviceusage.googleapis.com/v1beta1/projects/104464044983/services/eventarc.googleapis.com:generateServiceIdentity [none]
[debug] [2026-08-21T16:18:35.689Z] >>> [apiv2][(partial)header] POST https://serviceusage.googleapis.com/v1beta1/projects/104464044983/services/eventarc.googleapis.com:generateServiceIdentity  x-goog-user-project=104464044983
[debug] [2026-08-21T16:18:35.689Z] >>> [apiv2][body] POST https://serviceusage.googleapis.com/v1beta1/projects/104464044983/services/eventarc.googleapis.com:generateServiceIdentity {}
[debug] [2026-08-21T16:18:36.371Z] <<< [apiv2][status] POST https://serviceusage.googleapis.com/v1beta1/projects/104464044983/services/pubsub.googleapis.com:generateServiceIdentity 200
[debug] [2026-08-21T16:18:36.371Z] <<< [apiv2][body] POST https://serviceusage.googleapis.com/v1beta1/projects/104464044983/services/pubsub.googleapis.com:generateServiceIdentity {"name":"operations/finished.DONE_OPERATION","done":true,"response":{"@type":"type.googleapis.com/google.api.serviceusage.v1beta1.ServiceIdentity","email":"service-104464044983@gcp-sa-pubsub.iam.gserviceaccount.com","uniqueId":"105591776860869407781"}}
[debug] [2026-08-21T16:18:36.768Z] <<< [apiv2][status] POST https://serviceusage.googleapis.com/v1beta1/projects/104464044983/services/eventarc.googleapis.com:generateServiceIdentity 200
[debug] [2026-08-21T16:18:36.768Z] <<< [apiv2][body] POST https://serviceusage.googleapis.com/v1beta1/projects/104464044983/services/eventarc.googleapis.com:generateServiceIdentity {"name":"operations/finished.DONE_OPERATION","done":true,"response":{"@type":"type.googleapis.com/google.api.serviceusage.v1beta1.ServiceIdentity","email":"service-104464044983@gcp-sa-eventarc.iam.gserviceaccount.com","uniqueId":"115453887141922421448"}}
[info] i  functions: ensuring required API secretmanager.googleapis.com is enabled... 
[debug] [2026-08-21T16:18:36.769Z] Checked if tokens are valid: true, expires at: 1787332633345
[debug] [2026-08-21T16:18:36.769Z] Checked if tokens are valid: true, expires at: 1787332633345
[debug] [2026-08-21T16:18:36.769Z] >>> [apiv2][query] GET https://serviceusage.googleapis.com/v1/projects/104464044983/services/secretmanager.googleapis.com [none]
[debug] [2026-08-21T16:18:36.769Z] >>> [apiv2][(partial)header] GET https://serviceusage.googleapis.com/v1/projects/104464044983/services/secretmanager.googleapis.com  x-goog-user-project=104464044983
[debug] [2026-08-21T16:18:37.351Z] <<< [apiv2][status] GET https://serviceusage.googleapis.com/v1/projects/104464044983/services/secretmanager.googleapis.com 200
[debug] [2026-08-21T16:18:37.351Z] <<< [apiv2][body] GET https://serviceusage.googleapis.com/v1/projects/104464044983/services/secretmanager.googleapis.com [omitted]
[info] ✔  functions: required API secretmanager.googleapis.com is enabled 
[debug] [2026-08-21T16:18:37.365Z] Checked if tokens are valid: true, expires at: 1787332633345
[debug] [2026-08-21T16:18:37.365Z] Checked if tokens are valid: true, expires at: 1787332633345
[debug] [2026-08-21T16:18:37.365Z] >>> [apiv2][query] GET https://secretmanager.googleapis.com/v1/projects/miguel-angel-gutierrez-ibague/secrets/SANITY_WRITE_TOKEN/versions/latest [none]
[debug] [2026-08-21T16:18:37.864Z] <<< [apiv2][status] GET https://secretmanager.googleapis.com/v1/projects/miguel-angel-gutierrez-ibague/secrets/SANITY_WRITE_TOKEN/versions/latest 200
[debug] [2026-08-21T16:18:37.864Z] <<< [apiv2][body] GET https://secretmanager.googleapis.com/v1/projects/miguel-angel-gutierrez-ibague/secrets/SANITY_WRITE_TOKEN/versions/latest {"name":"projects/104464044983/secrets/SANITY_WRITE_TOKEN/versions/1","createTime":"2026-08-21T16:17:38.075736Z","state":"ENABLED","replicationStatus":{"automatic":{}},"etag":"\"165990f99a7458\""}
[debug] [2026-08-21T16:18:37.864Z] Resolved latest secret version of SANITY_WRITE_TOKEN to 1.
[debug] [2026-08-21T16:18:37.866Z] Checked if tokens are valid: true, expires at: 1787332633345
[debug] [2026-08-21T16:18:37.867Z] Checked if tokens are valid: true, expires at: 1787332633345
[debug] [2026-08-21T16:18:37.867Z] >>> [apiv2][query] GET https://cloudresourcemanager.googleapis.com/v1/projects/miguel-angel-gutierrez-ibague [none]
[debug] [2026-08-21T16:18:38.341Z] <<< [apiv2][status] GET https://cloudresourcemanager.googleapis.com/v1/projects/miguel-angel-gutierrez-ibague 200
[debug] [2026-08-21T16:18:38.342Z] <<< [apiv2][body] GET https://cloudresourcemanager.googleapis.com/v1/projects/miguel-angel-gutierrez-ibague {"projectNumber":"104464044983","projectId":"miguel-angel-gutierrez-ibague","lifecycleState":"ACTIVE","name":"miguel-angel-gutierrez-ibague","labels":{"firebase":"enabled"},"createTime":"2020-11-15T18:33:08.551Z"}
[debug] [2026-08-21T16:18:38.342Z] Checked if tokens are valid: true, expires at: 1787332633345
[debug] [2026-08-21T16:18:38.342Z] Checked if tokens are valid: true, expires at: 1787332633345
[debug] [2026-08-21T16:18:38.343Z] >>> [apiv2][query] GET https://compute.googleapis.com/compute/v1/projects/104464044983 [none]
[debug] [2026-08-21T16:18:38.677Z] <<< [apiv2][status] GET https://compute.googleapis.com/compute/v1/projects/104464044983 403
[debug] [2026-08-21T16:18:38.678Z] <<< [apiv2][body] GET https://compute.googleapis.com/compute/v1/projects/104464044983 {"error":{"code":403,"message":"Compute Engine API has not been used in project 104464044983 before or it is disabled. Enable it by visiting https://console.developers.google.com/apis/api/compute.googleapis.com/overview?project=104464044983 then retry. If you enabled this API recently, wait a few minutes for the action to propagate to our systems and retry.","errors":[{"message":"Compute Engine API has not been used in project 104464044983 before or it is disabled. Enable it by visiting https://console.developers.google.com/apis/api/compute.googleapis.com/overview?project=104464044983 then retry. If you enabled this API recently, wait a few minutes for the action to propagate to our systems and retry.","domain":"usageLimits","reason":"accessNotConfigured","extendedHelp":"https://console.developers.google.com"}],"status":"PERMISSION_DENIED","details":[{"@type":"type.googleapis.com/google.rpc.ErrorInfo","reason":"SERVICE_DISABLED","domain":"googleapis.com","metadata":{"containerInfo":"104464044983","service":"compute.googleapis.com","activationUrl":"https://console.developers.google.com/apis/api/compute.googleapis.com/overview?project=104464044983","consumer":"projects/104464044983","serviceTitle":"Compute Engine API"}},{"@type":"type.googleapis.com/google.rpc.LocalizedMessage","locale":"en-US","message":"Compute Engine API has not been used in project 104464044983 before or it is disabled. Enable it by visiting https://console.developers.google.com/apis/api/compute.googleapis.com/overview?project=104464044983 then retry. If you enabled this API recently, wait a few minutes for the action to propagate to our systems and retry."},{"@type":"type.googleapis.com/google.rpc.Help","links":[{"description":"Google developers console API activation","url":"https://console.developers.google.com/apis/api/compute.googleapis.com/overview?project=104464044983"}]}]}}
[debug] [2026-08-21T16:18:38.679Z] unable to look up default compute service account. Falling back to 104464044983-compute@developer.gserviceaccount.com. Error: {"name":"FirebaseError","children":[],"context":{"body":{"error":{"code":403,"message":"Compute Engine API has not been used in project 104464044983 before or it is disabled. Enable it by visiting https://console.developers.google.com/apis/api/compute.googleapis.com/overview?project=104464044983 then retry. If you enabled this API recently, wait a few minutes for the action to propagate to our systems and retry.","errors":[{"message":"Compute Engine API has not been used in project 104464044983 before or it is disabled. Enable it by visiting https://console.developers.google.com/apis/api/compute.googleapis.com/overview?project=104464044983 then retry. If you enabled this API recently, wait a few minutes for the action to propagate to our systems and retry.","domain":"usageLimits","reason":"accessNotConfigured","extendedHelp":"https://console.developers.google.com"}],"status":"PERMISSION_DENIED","details":[{"@type":"type.googleapis.com/google.rpc.ErrorInfo","reason":"SERVICE_DISABLED","domain":"googleapis.com","metadata":{"containerInfo":"104464044983","service":"compute.googleapis.com","activationUrl":"https://console.developers.google.com/apis/api/compute.googleapis.com/overview?project=104464044983","consumer":"projects/104464044983","serviceTitle":"Compute Engine API"}},{"@type":"type.googleapis.com/google.rpc.LocalizedMessage","locale":"en-US","message":"Compute Engine API has not been used in project 104464044983 before or it is disabled. Enable it by visiting https://console.developers.google.com/apis/api/compute.googleapis.com/overview?project=104464044983 then retry. If you enabled this API recently, wait a few minutes for the action to propagate to our systems and retry."},{"@type":"type.googleapis.com/google.rpc.Help","links":[{"description":"Google developers console API activation","url":"https://console.developers.google.com/apis/api/compute.googleapis.com/overview?project=104464044983"}]}]}},"response":{"statusCode":403}},"exit":1,"message":"Request to https://compute.googleapis.com/compute/v1/projects/104464044983 had HTTP Error: 403, Compute Engine API has not been used in project 104464044983 before or it is disabled. Enable it by visiting https://console.developers.google.com/apis/api/compute.googleapis.com/overview?project=104464044983 then retry. If you enabled this API recently, wait a few minutes for the action to propagate to our systems and retry.","status":403}
[info] i  functions: ensuring 104464044983-compute@developer.gserviceaccount.com access to secret SANITY_WRITE_TOKEN. 
[debug] [2026-08-21T16:18:38.680Z] Checked if tokens are valid: true, expires at: 1787332633345
[debug] [2026-08-21T16:18:38.680Z] Checked if tokens are valid: true, expires at: 1787332633345
[debug] [2026-08-21T16:18:38.680Z] >>> [apiv2][query] GET https://secretmanager.googleapis.com/v1/projects/miguel-angel-gutierrez-ibague/secrets/SANITY_WRITE_TOKEN:getIamPolicy [none]
[debug] [2026-08-21T16:18:38.901Z] <<< [apiv2][status] GET https://secretmanager.googleapis.com/v1/projects/miguel-angel-gutierrez-ibague/secrets/SANITY_WRITE_TOKEN:getIamPolicy 200
[debug] [2026-08-21T16:18:38.901Z] <<< [apiv2][body] GET https://secretmanager.googleapis.com/v1/projects/miguel-angel-gutierrez-ibague/secrets/SANITY_WRITE_TOKEN:getIamPolicy {"etag":"ACAB"}
[debug] [2026-08-21T16:18:38.902Z] Checked if tokens are valid: true, expires at: 1787332633345
[debug] [2026-08-21T16:18:38.902Z] Checked if tokens are valid: true, expires at: 1787332633345
[debug] [2026-08-21T16:18:38.902Z] >>> [apiv2][query] POST https://secretmanager.googleapis.com/v1/projects/miguel-angel-gutierrez-ibague/secrets/SANITY_WRITE_TOKEN:setIamPolicy [none]
[debug] [2026-08-21T16:18:38.902Z] >>> [apiv2][body] POST https://secretmanager.googleapis.com/v1/projects/miguel-angel-gutierrez-ibague/secrets/SANITY_WRITE_TOKEN:setIamPolicy {"policy":{"bindings":[{"role":"roles/secretmanager.secretAccessor","members":["serviceAccount:104464044983-compute@developer.gserviceaccount.com"]}]},"updateMask":"bindings"}
[debug] [2026-08-21T16:18:39.407Z] <<< [apiv2][status] POST https://secretmanager.googleapis.com/v1/projects/miguel-angel-gutierrez-ibague/secrets/SANITY_WRITE_TOKEN:setIamPolicy 200
[debug] [2026-08-21T16:18:39.407Z] <<< [apiv2][body] POST https://secretmanager.googleapis.com/v1/projects/miguel-angel-gutierrez-ibague/secrets/SANITY_WRITE_TOKEN:setIamPolicy {"version":1,"etag":"BwZZkP1ELJM=","bindings":[{"role":"roles/secretmanager.secretAccessor","members":["serviceAccount:104464044983-compute@developer.gserviceaccount.com"]}]}
[info] ✔  secretmanager: Granted roles/secretmanager.secretAccessor on projects/miguel-angel-gutierrez-ibague/secrets/SANITY_WRITE_TOKEN to 104464044983-compute@developer.gserviceaccount.com 
[info] ✔  functions: ensured 104464044983-compute@developer.gserviceaccount.com access to SANITY_WRITE_TOKEN. 
[debug] [2026-08-21T16:18:39.410Z] Checked if tokens are valid: true, expires at: 1787332633345
[debug] [2026-08-21T16:18:39.410Z] Checked if tokens are valid: true, expires at: 1787332633345
[debug] [2026-08-21T16:18:39.410Z] >>> [apiv2][query] GET https://serviceusage.googleapis.com/v1/projects/miguel-angel-gutierrez-ibague/services/cloudbilling.googleapis.com [none]
[debug] [2026-08-21T16:18:39.410Z] >>> [apiv2][(partial)header] GET https://serviceusage.googleapis.com/v1/projects/miguel-angel-gutierrez-ibague/services/cloudbilling.googleapis.com  x-goog-user-project=miguel-angel-gutierrez-ibague
[debug] [2026-08-21T16:18:39.714Z] <<< [apiv2][status] GET https://serviceusage.googleapis.com/v1/projects/miguel-angel-gutierrez-ibague/services/cloudbilling.googleapis.com 200
[debug] [2026-08-21T16:18:39.715Z] <<< [apiv2][body] GET https://serviceusage.googleapis.com/v1/projects/miguel-angel-gutierrez-ibague/services/cloudbilling.googleapis.com [omitted]
[debug] [2026-08-21T16:18:39.715Z] Checked if tokens are valid: true, expires at: 1787332633345
[debug] [2026-08-21T16:18:39.715Z] Checked if tokens are valid: true, expires at: 1787332633345
[debug] [2026-08-21T16:18:39.715Z] >>> [apiv2][query] POST https://serviceusage.googleapis.com/v1/projects/miguel-angel-gutierrez-ibague/services/cloudbilling.googleapis.com:enable [none]
[debug] [2026-08-21T16:18:39.715Z] >>> [apiv2][(partial)header] POST https://serviceusage.googleapis.com/v1/projects/miguel-angel-gutierrez-ibague/services/cloudbilling.googleapis.com:enable  x-goog-user-project=miguel-angel-gutierrez-ibague
[debug] [2026-08-21T16:18:40.331Z] <<< [apiv2][status] POST https://serviceusage.googleapis.com/v1/projects/miguel-angel-gutierrez-ibague/services/cloudbilling.googleapis.com:enable 200
[debug] [2026-08-21T16:18:40.331Z] <<< [apiv2][body] POST https://serviceusage.googleapis.com/v1/projects/miguel-angel-gutierrez-ibague/services/cloudbilling.googleapis.com:enable [omitted]
[debug] [2026-08-21T16:18:50.344Z] Checked if tokens are valid: true, expires at: 1787332633345
[debug] [2026-08-21T16:18:50.345Z] Checked if tokens are valid: true, expires at: 1787332633345
[debug] [2026-08-21T16:18:50.345Z] >>> [apiv2][query] GET https://cloudbilling.googleapis.com/v1/projects/miguel-angel-gutierrez-ibague/billingInfo [none]
[debug] [2026-08-21T16:18:50.345Z] >>> [apiv2][(partial)header] GET https://cloudbilling.googleapis.com/v1/projects/miguel-angel-gutierrez-ibague/billingInfo  x-goog-user-project=miguel-angel-gutierrez-ibague
[debug] [2026-08-21T16:18:50.738Z] <<< [apiv2][status] GET https://cloudbilling.googleapis.com/v1/projects/miguel-angel-gutierrez-ibague/billingInfo 200
[debug] [2026-08-21T16:18:50.739Z] <<< [apiv2][body] GET https://cloudbilling.googleapis.com/v1/projects/miguel-angel-gutierrez-ibague/billingInfo {"name":"projects/miguel-angel-gutierrez-ibague/billingInfo","projectId":"miguel-angel-gutierrez-ibague","billingAccountName":"billingAccounts/016BAD-C0147C-2981E9","billingEnabled":true}
[debug] [2026-08-21T16:18:50.741Z] Checked if tokens are valid: true, expires at: 1787332633345
[debug] [2026-08-21T16:18:50.741Z] Checked if tokens are valid: true, expires at: 1787332633345
[debug] [2026-08-21T16:18:50.741Z] >>> [apiv2][query] POST https://cloudfunctions.googleapis.com/v2/projects/miguel-angel-gutierrez-ibague/locations/us-central1/functions:generateUploadUrl [none]
[debug] [2026-08-21T16:18:53.038Z] <<< [apiv2][status] POST https://cloudfunctions.googleapis.com/v2/projects/miguel-angel-gutierrez-ibague/locations/us-central1/functions:generateUploadUrl 200
[debug] [2026-08-21T16:18:53.038Z] <<< [apiv2][body] POST https://cloudfunctions.googleapis.com/v2/projects/miguel-angel-gutierrez-ibague/locations/us-central1/functions:generateUploadUrl {"uploadUrl":"https://storage.googleapis.com/gcf-v2-uploads-104464044983.us-central1.cloudfunctions.appspot.com/4bb70670-639b-4ee1-91f4-df60baf08400.zip?GoogleAccessId=service-104464044983@gcf-admin-robot.iam.gserviceaccount.com&Expires=1787330933&Signature=R%2B9%2BTnJ%2Bc%2FJ8AhJBsiIj81XROgRd7NRR4ZLSmlVERLjqiGPDbioLvgkTEdkOOz0KZ6atBWzC0B5eAZ5FSeDkZghkoEuiNi%2Bs%2F%2FIIrZYIHYyXs4ABkamtjp55aTomVKbEmraN1IahfVehc88vKgEogJkhi%2BVXsUGbow4S1hJ%2BxHOt8GAqLRdzB8bkM2n1KjITrFqFZ6p3vfOJDwOBmZO2hDo1cu%2BhcNZNPEv1ZvkFOPtTlKOUIVvyhXYwq10HpIk0Bm7DD6OMgNbNf5bA8FZeKcHfYBp5vtAxuDoLJnmQeO%2BLYohqVU0GT%2BX654V0LjF0d2z8sApUp61FY0WDvZ4rhw%3D%3D","storageSource":{"bucket":"gcf-v2-uploads-104464044983.us-central1.cloudfunctions.appspot.com","object":"4bb70670-639b-4ee1-91f4-df60baf08400.zip"}}
[debug] [2026-08-21T16:18:53.039Z] >>> [apiv2][query] PUT https://storage.googleapis.com/gcf-v2-uploads-104464044983.us-central1.cloudfunctions.appspot.com/4bb70670-639b-4ee1-91f4-df60baf08400.zip GoogleAccessId=service-104464044983%40gcf-admin-robot.iam.gserviceaccount.com&Expires=1787330933&Signature=R%2B9%2BTnJ%2Bc%2FJ8AhJBsiIj81XROgRd7NRR4ZLSmlVERLjqiGPDbioLvgkTEdkOOz0KZ6atBWzC0B5eAZ5FSeDkZghkoEuiNi%2Bs%2F%2FIIrZYIHYyXs4ABkamtjp55aTomVKbEmraN1IahfVehc88vKgEogJkhi%2BVXsUGbow4S1hJ%2BxHOt8GAqLRdzB8bkM2n1KjITrFqFZ6p3vfOJDwOBmZO2hDo1cu%2BhcNZNPEv1ZvkFOPtTlKOUIVvyhXYwq10HpIk0Bm7DD6OMgNbNf5bA8FZeKcHfYBp5vtAxuDoLJnmQeO%2BLYohqVU0GT%2BX654V0LjF0d2z8sApUp61FY0WDvZ4rhw%3D%3D
[debug] [2026-08-21T16:18:53.039Z] >>> [apiv2][body] PUT https://storage.googleapis.com/gcf-v2-uploads-104464044983.us-central1.cloudfunctions.appspot.com/4bb70670-639b-4ee1-91f4-df60baf08400.zip [stream]
[debug] [2026-08-21T16:18:53.849Z] <<< [apiv2][status] PUT https://storage.googleapis.com/gcf-v2-uploads-104464044983.us-central1.cloudfunctions.appspot.com/4bb70670-639b-4ee1-91f4-df60baf08400.zip 200
[debug] [2026-08-21T16:18:53.849Z] <<< [apiv2][body] PUT https://storage.googleapis.com/gcf-v2-uploads-104464044983.us-central1.cloudfunctions.appspot.com/4bb70670-639b-4ee1-91f4-df60baf08400.zip [omitted]
[info] ✔  functions: functions source uploaded successfully 
[info] i  functions: creating Node.js 22 (2nd Gen) function admin:sanityWrite(us-central1)... 
[debug] [2026-08-21T16:18:53.854Z] Checked if tokens are valid: true, expires at: 1787332633345
[debug] [2026-08-21T16:18:53.854Z] Checked if tokens are valid: true, expires at: 1787332633345
[debug] [2026-08-21T16:18:53.854Z] >>> [apiv2][query] POST https://cloudfunctions.googleapis.com/v2/projects/miguel-angel-gutierrez-ibague/locations/us-central1/functions functionId=sanityWrite
[debug] [2026-08-21T16:18:53.854Z] >>> [apiv2][body] POST https://cloudfunctions.googleapis.com/v2/projects/miguel-angel-gutierrez-ibague/locations/us-central1/functions {"name":"projects/miguel-angel-gutierrez-ibague/locations/us-central1/functions/sanityWrite","buildConfig":{"runtime":"nodejs22","entryPoint":"sanityWrite","source":{"storageSource":{"bucket":"gcf-v2-uploads-104464044983.us-central1.cloudfunctions.appspot.com","object":"4bb70670-639b-4ee1-91f4-df60baf08400.zip"}},"environmentVariables":{"GOOGLE_NODE_RUN_SCRIPTS":""}},"serviceConfig":{"environmentVariables":{"FIREBASE_CONFIG":"{\"projectId\":\"miguel-angel-gutierrez-ibague\",\"databaseURL\":\"https://miguel-angel-gutierrez-ibague.firebaseio.com\",\"storageBucket\":\"miguel-angel-gutierrez-ibague.firebasestorage.app\"}","GCLOUD_PROJECT":"miguel-angel-gutierrez-ibague","EVENTARC_CLOUD_EVENT_SOURCE":"projects/miguel-angel-gutierrez-ibague/locations/us-central1/services/sanityWrite","FUNCTION_REGION":"us-central1","FUNCTION_TARGET":"sanityWrite","LOG_EXECUTION_ID":"true"},"secretEnvironmentVariables":[{"key":"SANITY_WRITE_TOKEN","secret":"SANITY_WRITE_TOKEN","projectId":"miguel-angel-gutierrez-ibague","version":"1"}],"ingressSettings":null,"timeoutSeconds":null,"serviceAccountEmail":null,"availableMemory":"256Mi","minInstanceCount":null,"maxInstanceCount":10,"maxInstanceRequestConcurrency":80,"availableCpu":"1","vpcConnector":null,"vpcConnectorEgressSettings":null,"directVpcNetworkInterface":null,"directVpcEgress":null},"labels":{"deployment-tool":"cli-firebase","deployment-callable":"true","firebase-functions-codebase":"admin","firebase-functions-hash":"1455254083f1a2c5294003c5e8bab65ccfc57641"}}
[debug] [2026-08-21T16:18:55.947Z] <<< [apiv2][status] POST https://cloudfunctions.googleapis.com/v2/projects/miguel-angel-gutierrez-ibague/locations/us-central1/functions 200
[debug] [2026-08-21T16:18:55.947Z] <<< [apiv2][body] POST https://cloudfunctions.googleapis.com/v2/projects/miguel-angel-gutierrez-ibague/locations/us-central1/functions {"name":"projects/miguel-angel-gutierrez-ibague/locations/us-central1/operations/operation-1787329134288-65990fe255e2a-3d91a5b8-223b5c31","metadata":{"@type":"type.googleapis.com/google.cloud.functions.v2.OperationMetadata","createTime":"2026-08-21T16:18:55.982948194Z","target":"projects/miguel-angel-gutierrez-ibague/locations/us-central1/functions/sanityWrite","verb":"create","cancelRequested":false,"apiVersion":"v2"},"done":false}
[debug] [2026-08-21T16:18:55.948Z] Checked if tokens are valid: true, expires at: 1787332633345
[debug] [2026-08-21T16:18:55.948Z] Checked if tokens are valid: true, expires at: 1787332633345
[debug] [2026-08-21T16:18:55.948Z] >>> [apiv2][query] GET https://cloudfunctions.googleapis.com/v2/projects/miguel-angel-gutierrez-ibague/locations/us-central1/operations/operation-1787329134288-65990fe255e2a-3d91a5b8-223b5c31 [none]
[debug] [2026-08-21T16:18:56.241Z] <<< [apiv2][status] GET https://cloudfunctions.googleapis.com/v2/projects/miguel-angel-gutierrez-ibague/locations/us-central1/operations/operation-1787329134288-65990fe255e2a-3d91a5b8-223b5c31 200
[debug] [2026-08-21T16:18:56.241Z] <<< [apiv2][body] GET https://cloudfunctions.googleapis.com/v2/projects/miguel-angel-gutierrez-ibague/locations/us-central1/operations/operation-1787329134288-65990fe255e2a-3d91a5b8-223b5c31 {"name":"projects/miguel-angel-gutierrez-ibague/locations/us-central1/operations/operation-1787329134288-65990fe255e2a-3d91a5b8-223b5c31","metadata":{"@type":"type.googleapis.com/google.cloud.functions.v2.OperationMetadata","createTime":"2026-08-21T16:18:55.982948194Z","target":"projects/miguel-angel-gutierrez-ibague/locations/us-central1/functions/sanityWrite","verb":"create","cancelRequested":false,"apiVersion":"v2","requestResource":{"@type":"type.googleapis.com/google.cloud.functions.v2.Function","name":"projects/miguel-angel-gutierrez-ibague/locations/us-central1/functions/sanityWrite","buildConfig":{"runtime":"nodejs22","entryPoint":"sanityWrite","source":{"storageSource":{"bucket":"gcf-v2-sources-104464044983-us-central1","object":"sanityWrite/function-source.zip","generation":"1787329135332515"}},"environmentVariables":{"GOOGLE_NODE_RUN_SCRIPTS":""},"serviceAccount":"projects/miguel-angel-gutierrez-ibague/serviceAccounts/104464044983-compute@developer.gserviceaccount.com","automaticUpdatePolicy":{}},"serviceConfig":{"service":"projects/miguel-angel-gutierrez-ibague/locations/us-central1/services/sanitywrite","timeoutSeconds":60,"environmentVariables":{"FIREBASE_CONFIG":"{\"projectId\":\"miguel-angel-gutierrez-ibague\",\"databaseURL\":\"https://miguel-angel-gutierrez-ibague.firebaseio.com\",\"storageBucket\":\"miguel-angel-gutierrez-ibague.firebasestorage.app\"}","GCLOUD_PROJECT":"miguel-angel-gutierrez-ibague","EVENTARC_CLOUD_EVENT_SOURCE":"projects/miguel-angel-gutierrez-ibague/locations/us-central1/services/sanityWrite","FUNCTION_REGION":"us-central1","FUNCTION_TARGET":"sanityWrite","LOG_EXECUTION_ID":"true"},"maxInstanceCount":10,"ingressSettings":"ALLOW_ALL","serviceAccountEmail":"104464044983-compute@developer.gserviceaccount.com","availableMemory":"256Mi","secretEnvironmentVariables":[{"key":"SANITY_WRITE_TOKEN","projectId":"miguel-angel-gutierrez-ibague","secret":"SANITY_WRITE_TOKEN","version":"1"}],"maxInstanceRequestConcurrency":80,"availableCpu":"1"},"labels":{"deployment-tool":"cli-firebase","deployment-callable":"true","firebase-functions-codebase":"admin","firebase-functions-hash":"1455254083f1a2c5294003c5e8bab65ccfc57641"},"environment":"GEN_2"},"stages":[{"name":"BUILD","state":"NOT_STARTED"},{"name":"SERVICE","state":"NOT_STARTED"}],"operationType":"CREATE_FUNCTION"},"done":false}
[debug] [2026-08-21T16:18:56.744Z] [create-admin-us-central1-sanityWrite] Retrying task index 0
[debug] [2026-08-21T16:18:56.744Z] Checked if tokens are valid: true, expires at: 1787332633345
[debug] [2026-08-21T16:18:56.744Z] Checked if tokens are valid: true, expires at: 1787332633345
[debug] [2026-08-21T16:18:56.744Z] >>> [apiv2][query] GET https://cloudfunctions.googleapis.com/v2/projects/miguel-angel-gutierrez-ibague/locations/us-central1/operations/operation-1787329134288-65990fe255e2a-3d91a5b8-223b5c31 [none]
[debug] [2026-08-21T16:18:57.036Z] <<< [apiv2][status] GET https://cloudfunctions.googleapis.com/v2/projects/miguel-angel-gutierrez-ibague/locations/us-central1/operations/operation-1787329134288-65990fe255e2a-3d91a5b8-223b5c31 200
[debug] [2026-08-21T16:18:57.036Z] <<< [apiv2][body] GET https://cloudfunctions.googleapis.com/v2/projects/miguel-angel-gutierrez-ibague/locations/us-central1/operations/operation-1787329134288-65990fe255e2a-3d91a5b8-223b5c31 {"name":"projects/miguel-angel-gutierrez-ibague/locations/us-central1/operations/operation-1787329134288-65990fe255e2a-3d91a5b8-223b5c31","metadata":{"@type":"type.googleapis.com/google.cloud.functions.v2.OperationMetadata","createTime":"2026-08-21T16:18:55.982948194Z","target":"projects/miguel-angel-gutierrez-ibague/locations/us-central1/functions/sanityWrite","verb":"create","cancelRequested":false,"apiVersion":"v2","requestResource":{"@type":"type.googleapis.com/google.cloud.functions.v2.Function","name":"projects/miguel-angel-gutierrez-ibague/locations/us-central1/functions/sanityWrite","buildConfig":{"runtime":"nodejs22","entryPoint":"sanityWrite","source":{"storageSource":{"bucket":"gcf-v2-sources-104464044983-us-central1","object":"sanityWrite/function-source.zip","generation":"1787329135332515"}},"environmentVariables":{"GOOGLE_NODE_RUN_SCRIPTS":""},"serviceAccount":"projects/miguel-angel-gutierrez-ibague/serviceAccounts/104464044983-compute@developer.gserviceaccount.com","automaticUpdatePolicy":{}},"serviceConfig":{"service":"projects/miguel-angel-gutierrez-ibague/locations/us-central1/services/sanitywrite","timeoutSeconds":60,"environmentVariables":{"FIREBASE_CONFIG":"{\"projectId\":\"miguel-angel-gutierrez-ibague\",\"databaseURL\":\"https://miguel-angel-gutierrez-ibague.firebaseio.com\",\"storageBucket\":\"miguel-angel-gutierrez-ibague.firebasestorage.app\"}","GCLOUD_PROJECT":"miguel-angel-gutierrez-ibague","EVENTARC_CLOUD_EVENT_SOURCE":"projects/miguel-angel-gutierrez-ibague/locations/us-central1/services/sanityWrite","FUNCTION_REGION":"us-central1","FUNCTION_TARGET":"sanityWrite","LOG_EXECUTION_ID":"true"},"maxInstanceCount":10,"ingressSettings":"ALLOW_ALL","serviceAccountEmail":"104464044983-compute@developer.gserviceaccount.com","availableMemory":"256Mi","secretEnvironmentVariables":[{"key":"SANITY_WRITE_TOKEN","projectId":"miguel-angel-gutierrez-ibague","secret":"SANITY_WRITE_TOKEN","version":"1"}],"maxInstanceRequestConcurrency":80,"availableCpu":"1"},"labels":{"deployment-tool":"cli-firebase","deployment-callable":"true","firebase-functions-codebase":"admin","firebase-functions-hash":"1455254083f1a2c5294003c5e8bab65ccfc57641"},"environment":"GEN_2"},"stages":[{"name":"BUILD","state":"NOT_STARTED"},{"name":"SERVICE","state":"NOT_STARTED"}],"operationType":"CREATE_FUNCTION"},"done":false}
[debug] [2026-08-21T16:18:58.036Z] [create-admin-us-central1-sanityWrite] Retrying task index 0
[debug] [2026-08-21T16:18:58.037Z] Checked if tokens are valid: true, expires at: 1787332633345
[debug] [2026-08-21T16:18:58.037Z] Checked if tokens are valid: true, expires at: 1787332633345
[debug] [2026-08-21T16:18:58.037Z] >>> [apiv2][query] GET https://cloudfunctions.googleapis.com/v2/projects/miguel-angel-gutierrez-ibague/locations/us-central1/operations/operation-1787329134288-65990fe255e2a-3d91a5b8-223b5c31 [none]
[debug] [2026-08-21T16:18:58.355Z] <<< [apiv2][status] GET https://cloudfunctions.googleapis.com/v2/projects/miguel-angel-gutierrez-ibague/locations/us-central1/operations/operation-1787329134288-65990fe255e2a-3d91a5b8-223b5c31 200
[debug] [2026-08-21T16:18:58.355Z] <<< [apiv2][body] GET https://cloudfunctions.googleapis.com/v2/projects/miguel-angel-gutierrez-ibague/locations/us-central1/operations/operation-1787329134288-65990fe255e2a-3d91a5b8-223b5c31 {"name":"projects/miguel-angel-gutierrez-ibague/locations/us-central1/operations/operation-1787329134288-65990fe255e2a-3d91a5b8-223b5c31","metadata":{"@type":"type.googleapis.com/google.cloud.functions.v2.OperationMetadata","createTime":"2026-08-21T16:18:55.982948194Z","target":"projects/miguel-angel-gutierrez-ibague/locations/us-central1/functions/sanityWrite","verb":"create","cancelRequested":false,"apiVersion":"v2","requestResource":{"@type":"type.googleapis.com/google.cloud.functions.v2.Function","name":"projects/miguel-angel-gutierrez-ibague/locations/us-central1/functions/sanityWrite","buildConfig":{"runtime":"nodejs22","entryPoint":"sanityWrite","source":{"storageSource":{"bucket":"gcf-v2-sources-104464044983-us-central1","object":"sanityWrite/function-source.zip","generation":"1787329135332515"}},"environmentVariables":{"GOOGLE_NODE_RUN_SCRIPTS":""},"serviceAccount":"projects/miguel-angel-gutierrez-ibague/serviceAccounts/104464044983-compute@developer.gserviceaccount.com","automaticUpdatePolicy":{}},"serviceConfig":{"service":"projects/miguel-angel-gutierrez-ibague/locations/us-central1/services/sanitywrite","timeoutSeconds":60,"environmentVariables":{"FIREBASE_CONFIG":"{\"projectId\":\"miguel-angel-gutierrez-ibague\",\"databaseURL\":\"https://miguel-angel-gutierrez-ibague.firebaseio.com\",\"storageBucket\":\"miguel-angel-gutierrez-ibague.firebasestorage.app\"}","GCLOUD_PROJECT":"miguel-angel-gutierrez-ibague","EVENTARC_CLOUD_EVENT_SOURCE":"projects/miguel-angel-gutierrez-ibague/locations/us-central1/services/sanityWrite","FUNCTION_REGION":"us-central1","FUNCTION_TARGET":"sanityWrite","LOG_EXECUTION_ID":"true"},"maxInstanceCount":10,"ingressSettings":"ALLOW_ALL","serviceAccountEmail":"104464044983-compute@developer.gserviceaccount.com","availableMemory":"256Mi","secretEnvironmentVariables":[{"key":"SANITY_WRITE_TOKEN","projectId":"miguel-angel-gutierrez-ibague","secret":"SANITY_WRITE_TOKEN","version":"1"}],"maxInstanceRequestConcurrency":80,"availableCpu":"1"},"labels":{"deployment-tool":"cli-firebase","deployment-callable":"true","firebase-functions-codebase":"admin","firebase-functions-hash":"1455254083f1a2c5294003c5e8bab65ccfc57641"},"environment":"GEN_2"},"stages":[{"name":"BUILD","state":"NOT_STARTED"},{"name":"SERVICE","state":"NOT_STARTED"}],"operationType":"CREATE_FUNCTION"},"done":false}
[debug] [2026-08-21T16:19:00.357Z] [create-admin-us-central1-sanityWrite] Retrying task index 0
[debug] [2026-08-21T16:19:00.357Z] Checked if tokens are valid: true, expires at: 1787332633345
[debug] [2026-08-21T16:19:00.357Z] Checked if tokens are valid: true, expires at: 1787332633345
[debug] [2026-08-21T16:19:00.357Z] >>> [apiv2][query] GET https://cloudfunctions.googleapis.com/v2/projects/miguel-angel-gutierrez-ibague/locations/us-central1/operations/operation-1787329134288-65990fe255e2a-3d91a5b8-223b5c31 [none]
[debug] [2026-08-21T16:19:00.675Z] <<< [apiv2][status] GET https://cloudfunctions.googleapis.com/v2/projects/miguel-angel-gutierrez-ibague/locations/us-central1/operations/operation-1787329134288-65990fe255e2a-3d91a5b8-223b5c31 200
[debug] [2026-08-21T16:19:00.675Z] <<< [apiv2][body] GET https://cloudfunctions.googleapis.com/v2/projects/miguel-angel-gutierrez-ibague/locations/us-central1/operations/operation-1787329134288-65990fe255e2a-3d91a5b8-223b5c31 {"name":"projects/miguel-angel-gutierrez-ibague/locations/us-central1/operations/operation-1787329134288-65990fe255e2a-3d91a5b8-223b5c31","metadata":{"@type":"type.googleapis.com/google.cloud.functions.v2.OperationMetadata","createTime":"2026-08-21T16:18:55.982948194Z","target":"projects/miguel-angel-gutierrez-ibague/locations/us-central1/functions/sanityWrite","verb":"create","cancelRequested":false,"apiVersion":"v2","requestResource":{"@type":"type.googleapis.com/google.cloud.functions.v2.Function","name":"projects/miguel-angel-gutierrez-ibague/locations/us-central1/functions/sanityWrite","buildConfig":{"runtime":"nodejs22","entryPoint":"sanityWrite","source":{"storageSource":{"bucket":"gcf-v2-sources-104464044983-us-central1","object":"sanityWrite/function-source.zip","generation":"1787329135332515"}},"environmentVariables":{"GOOGLE_NODE_RUN_SCRIPTS":""},"serviceAccount":"projects/miguel-angel-gutierrez-ibague/serviceAccounts/104464044983-compute@developer.gserviceaccount.com","automaticUpdatePolicy":{}},"serviceConfig":{"service":"projects/miguel-angel-gutierrez-ibague/locations/us-central1/services/sanitywrite","timeoutSeconds":60,"environmentVariables":{"FIREBASE_CONFIG":"{\"projectId\":\"miguel-angel-gutierrez-ibague\",\"databaseURL\":\"https://miguel-angel-gutierrez-ibague.firebaseio.com\",\"storageBucket\":\"miguel-angel-gutierrez-ibague.firebasestorage.app\"}","GCLOUD_PROJECT":"miguel-angel-gutierrez-ibague","EVENTARC_CLOUD_EVENT_SOURCE":"projects/miguel-angel-gutierrez-ibague/locations/us-central1/services/sanityWrite","FUNCTION_REGION":"us-central1","FUNCTION_TARGET":"sanityWrite","LOG_EXECUTION_ID":"true"},"maxInstanceCount":10,"ingressSettings":"ALLOW_ALL","serviceAccountEmail":"104464044983-compute@developer.gserviceaccount.com","availableMemory":"256Mi","secretEnvironmentVariables":[{"key":"SANITY_WRITE_TOKEN","projectId":"miguel-angel-gutierrez-ibague","secret":"SANITY_WRITE_TOKEN","version":"1"}],"maxInstanceRequestConcurrency":80,"availableCpu":"1"},"labels":{"deployment-tool":"cli-firebase","deployment-callable":"true","firebase-functions-codebase":"admin","firebase-functions-hash":"1455254083f1a2c5294003c5e8bab65ccfc57641"},"environment":"GEN_2"},"stages":[{"name":"BUILD","state":"NOT_STARTED"},{"name":"SERVICE","state":"NOT_STARTED"}],"operationType":"CREATE_FUNCTION"},"done":false}
[debug] [2026-08-21T16:19:04.676Z] [create-admin-us-central1-sanityWrite] Retrying task index 0
[debug] [2026-08-21T16:19:04.676Z] Checked if tokens are valid: true, expires at: 1787332633345
[debug] [2026-08-21T16:19:04.677Z] Checked if tokens are valid: true, expires at: 1787332633345
[debug] [2026-08-21T16:19:04.677Z] >>> [apiv2][query] GET https://cloudfunctions.googleapis.com/v2/projects/miguel-angel-gutierrez-ibague/locations/us-central1/operations/operation-1787329134288-65990fe255e2a-3d91a5b8-223b5c31 [none]
[debug] [2026-08-21T16:19:05.234Z] <<< [apiv2][status] GET https://cloudfunctions.googleapis.com/v2/projects/miguel-angel-gutierrez-ibague/locations/us-central1/operations/operation-1787329134288-65990fe255e2a-3d91a5b8-223b5c31 200
[debug] [2026-08-21T16:19:05.234Z] <<< [apiv2][body] GET https://cloudfunctions.googleapis.com/v2/projects/miguel-angel-gutierrez-ibague/locations/us-central1/operations/operation-1787329134288-65990fe255e2a-3d91a5b8-223b5c31 {"name":"projects/miguel-angel-gutierrez-ibague/locations/us-central1/operations/operation-1787329134288-65990fe255e2a-3d91a5b8-223b5c31","metadata":{"@type":"type.googleapis.com/google.cloud.functions.v2.OperationMetadata","createTime":"2026-08-21T16:18:55.982948194Z","target":"projects/miguel-angel-gutierrez-ibague/locations/us-central1/functions/sanityWrite","verb":"create","cancelRequested":false,"apiVersion":"v2","requestResource":{"@type":"type.googleapis.com/google.cloud.functions.v2.Function","name":"projects/miguel-angel-gutierrez-ibague/locations/us-central1/functions/sanityWrite","buildConfig":{"runtime":"nodejs22","entryPoint":"sanityWrite","source":{"storageSource":{"bucket":"gcf-v2-sources-104464044983-us-central1","object":"sanityWrite/function-source.zip","generation":"1787329135332515"}},"environmentVariables":{"GOOGLE_NODE_RUN_SCRIPTS":""},"serviceAccount":"projects/miguel-angel-gutierrez-ibague/serviceAccounts/104464044983-compute@developer.gserviceaccount.com","automaticUpdatePolicy":{}},"serviceConfig":{"service":"projects/miguel-angel-gutierrez-ibague/locations/us-central1/services/sanitywrite","timeoutSeconds":60,"environmentVariables":{"FIREBASE_CONFIG":"{\"projectId\":\"miguel-angel-gutierrez-ibague\",\"databaseURL\":\"https://miguel-angel-gutierrez-ibague.firebaseio.com\",\"storageBucket\":\"miguel-angel-gutierrez-ibague.firebasestorage.app\"}","GCLOUD_PROJECT":"miguel-angel-gutierrez-ibague","EVENTARC_CLOUD_EVENT_SOURCE":"projects/miguel-angel-gutierrez-ibague/locations/us-central1/services/sanityWrite","FUNCTION_REGION":"us-central1","FUNCTION_TARGET":"sanityWrite","LOG_EXECUTION_ID":"true"},"maxInstanceCount":10,"ingressSettings":"ALLOW_ALL","serviceAccountEmail":"104464044983-compute@developer.gserviceaccount.com","availableMemory":"256Mi","secretEnvironmentVariables":[{"key":"SANITY_WRITE_TOKEN","projectId":"miguel-angel-gutierrez-ibague","secret":"SANITY_WRITE_TOKEN","version":"1"}],"maxInstanceRequestConcurrency":80,"availableCpu":"1"},"labels":{"deployment-tool":"cli-firebase","deployment-callable":"true","firebase-functions-codebase":"admin","firebase-functions-hash":"1455254083f1a2c5294003c5e8bab65ccfc57641"},"environment":"GEN_2"},"stages":[{"name":"BUILD","state":"NOT_STARTED"},{"name":"SERVICE","state":"NOT_STARTED"}],"operationType":"CREATE_FUNCTION"},"done":false}
[debug] [2026-08-21T16:19:13.235Z] [create-admin-us-central1-sanityWrite] Retrying task index 0
[debug] [2026-08-21T16:19:13.236Z] Checked if tokens are valid: true, expires at: 1787332633345
[debug] [2026-08-21T16:19:13.236Z] Checked if tokens are valid: true, expires at: 1787332633345
[debug] [2026-08-21T16:19:13.236Z] >>> [apiv2][query] GET https://cloudfunctions.googleapis.com/v2/projects/miguel-angel-gutierrez-ibague/locations/us-central1/operations/operation-1787329134288-65990fe255e2a-3d91a5b8-223b5c31 [none]
[debug] [2026-08-21T16:19:13.817Z] <<< [apiv2][status] GET https://cloudfunctions.googleapis.com/v2/projects/miguel-angel-gutierrez-ibague/locations/us-central1/operations/operation-1787329134288-65990fe255e2a-3d91a5b8-223b5c31 200
[debug] [2026-08-21T16:19:13.818Z] <<< [apiv2][body] GET https://cloudfunctions.googleapis.com/v2/projects/miguel-angel-gutierrez-ibague/locations/us-central1/operations/operation-1787329134288-65990fe255e2a-3d91a5b8-223b5c31 {"name":"projects/miguel-angel-gutierrez-ibague/locations/us-central1/operations/operation-1787329134288-65990fe255e2a-3d91a5b8-223b5c31","metadata":{"@type":"type.googleapis.com/google.cloud.functions.v2.OperationMetadata","createTime":"2026-08-21T16:18:55.982948194Z","target":"projects/miguel-angel-gutierrez-ibague/locations/us-central1/functions/sanityWrite","verb":"create","cancelRequested":false,"apiVersion":"v2","requestResource":{"@type":"type.googleapis.com/google.cloud.functions.v2.Function","name":"projects/miguel-angel-gutierrez-ibague/locations/us-central1/functions/sanityWrite","buildConfig":{"runtime":"nodejs22","entryPoint":"sanityWrite","source":{"storageSource":{"bucket":"gcf-v2-sources-104464044983-us-central1","object":"sanityWrite/function-source.zip","generation":"1787329135332515"}},"environmentVariables":{"GOOGLE_NODE_RUN_SCRIPTS":""},"serviceAccount":"projects/miguel-angel-gutierrez-ibague/serviceAccounts/104464044983-compute@developer.gserviceaccount.com","automaticUpdatePolicy":{}},"serviceConfig":{"service":"projects/miguel-angel-gutierrez-ibague/locations/us-central1/services/sanitywrite","timeoutSeconds":60,"environmentVariables":{"FIREBASE_CONFIG":"{\"projectId\":\"miguel-angel-gutierrez-ibague\",\"databaseURL\":\"https://miguel-angel-gutierrez-ibague.firebaseio.com\",\"storageBucket\":\"miguel-angel-gutierrez-ibague.firebasestorage.app\"}","GCLOUD_PROJECT":"miguel-angel-gutierrez-ibague","EVENTARC_CLOUD_EVENT_SOURCE":"projects/miguel-angel-gutierrez-ibague/locations/us-central1/services/sanityWrite","FUNCTION_REGION":"us-central1","FUNCTION_TARGET":"sanityWrite","LOG_EXECUTION_ID":"true"},"maxInstanceCount":10,"ingressSettings":"ALLOW_ALL","serviceAccountEmail":"104464044983-compute@developer.gserviceaccount.com","availableMemory":"256Mi","secretEnvironmentVariables":[{"key":"SANITY_WRITE_TOKEN","projectId":"miguel-angel-gutierrez-ibague","secret":"SANITY_WRITE_TOKEN","version":"1"}],"maxInstanceRequestConcurrency":80,"availableCpu":"1"},"labels":{"deployment-tool":"cli-firebase","deployment-callable":"true","firebase-functions-codebase":"admin","firebase-functions-hash":"1455254083f1a2c5294003c5e8bab65ccfc57641"},"environment":"GEN_2"},"stages":[{"name":"BUILD","state":"NOT_STARTED"},{"name":"SERVICE","state":"NOT_STARTED"}],"operationType":"CREATE_FUNCTION"},"done":false}
[debug] [2026-08-21T16:19:23.819Z] [create-admin-us-central1-sanityWrite] Retrying task index 0
[debug] [2026-08-21T16:19:23.820Z] Checked if tokens are valid: true, expires at: 1787332633345
[debug] [2026-08-21T16:19:23.820Z] Checked if tokens are valid: true, expires at: 1787332633345
[debug] [2026-08-21T16:19:23.820Z] >>> [apiv2][query] GET https://cloudfunctions.googleapis.com/v2/projects/miguel-angel-gutierrez-ibague/locations/us-central1/operations/operation-1787329134288-65990fe255e2a-3d91a5b8-223b5c31 [none]
[debug] [2026-08-21T16:19:24.255Z] <<< [apiv2][status] GET https://cloudfunctions.googleapis.com/v2/projects/miguel-angel-gutierrez-ibague/locations/us-central1/operations/operation-1787329134288-65990fe255e2a-3d91a5b8-223b5c31 200
[debug] [2026-08-21T16:19:24.255Z] <<< [apiv2][body] GET https://cloudfunctions.googleapis.com/v2/projects/miguel-angel-gutierrez-ibague/locations/us-central1/operations/operation-1787329134288-65990fe255e2a-3d91a5b8-223b5c31 {"name":"projects/miguel-angel-gutierrez-ibague/locations/us-central1/operations/operation-1787329134288-65990fe255e2a-3d91a5b8-223b5c31","metadata":{"@type":"type.googleapis.com/google.cloud.functions.v2.OperationMetadata","createTime":"2026-08-21T16:18:55.982948194Z","target":"projects/miguel-angel-gutierrez-ibague/locations/us-central1/functions/sanityWrite","verb":"create","cancelRequested":false,"apiVersion":"v2","requestResource":{"@type":"type.googleapis.com/google.cloud.functions.v2.Function","name":"projects/miguel-angel-gutierrez-ibague/locations/us-central1/functions/sanityWrite","buildConfig":{"runtime":"nodejs22","entryPoint":"sanityWrite","source":{"storageSource":{"bucket":"gcf-v2-sources-104464044983-us-central1","object":"sanityWrite/function-source.zip","generation":"1787329135332515"}},"environmentVariables":{"GOOGLE_NODE_RUN_SCRIPTS":""},"serviceAccount":"projects/miguel-angel-gutierrez-ibague/serviceAccounts/104464044983-compute@developer.gserviceaccount.com","automaticUpdatePolicy":{}},"serviceConfig":{"service":"projects/miguel-angel-gutierrez-ibague/locations/us-central1/services/sanitywrite","timeoutSeconds":60,"environmentVariables":{"FIREBASE_CONFIG":"{\"projectId\":\"miguel-angel-gutierrez-ibague\",\"databaseURL\":\"https://miguel-angel-gutierrez-ibague.firebaseio.com\",\"storageBucket\":\"miguel-angel-gutierrez-ibague.firebasestorage.app\"}","GCLOUD_PROJECT":"miguel-angel-gutierrez-ibague","EVENTARC_CLOUD_EVENT_SOURCE":"projects/miguel-angel-gutierrez-ibague/locations/us-central1/services/sanityWrite","FUNCTION_REGION":"us-central1","FUNCTION_TARGET":"sanityWrite","LOG_EXECUTION_ID":"true"},"maxInstanceCount":10,"ingressSettings":"ALLOW_ALL","serviceAccountEmail":"104464044983-compute@developer.gserviceaccount.com","availableMemory":"256Mi","secretEnvironmentVariables":[{"key":"SANITY_WRITE_TOKEN","projectId":"miguel-angel-gutierrez-ibague","secret":"SANITY_WRITE_TOKEN","version":"1"}],"maxInstanceRequestConcurrency":80,"availableCpu":"1"},"labels":{"deployment-tool":"cli-firebase","deployment-callable":"true","firebase-functions-codebase":"admin","firebase-functions-hash":"1455254083f1a2c5294003c5e8bab65ccfc57641"},"environment":"GEN_2"},"stages":[{"name":"BUILD","state":"NOT_STARTED"},{"name":"SERVICE","state":"NOT_STARTED"}],"operationType":"CREATE_FUNCTION"},"done":false}
[debug] [2026-08-21T16:19:34.257Z] [create-admin-us-central1-sanityWrite] Retrying task index 0
[debug] [2026-08-21T16:19:34.258Z] Checked if tokens are valid: true, expires at: 1787332633345
[debug] [2026-08-21T16:19:34.258Z] Checked if tokens are valid: true, expires at: 1787332633345
[debug] [2026-08-21T16:19:34.258Z] >>> [apiv2][query] GET https://cloudfunctions.googleapis.com/v2/projects/miguel-angel-gutierrez-ibague/locations/us-central1/operations/operation-1787329134288-65990fe255e2a-3d91a5b8-223b5c31 [none]
[debug] [2026-08-21T16:19:34.742Z] <<< [apiv2][status] GET https://cloudfunctions.googleapis.com/v2/projects/miguel-angel-gutierrez-ibague/locations/us-central1/operations/operation-1787329134288-65990fe255e2a-3d91a5b8-223b5c31 200
[debug] [2026-08-21T16:19:34.743Z] <<< [apiv2][body] GET https://cloudfunctions.googleapis.com/v2/projects/miguel-angel-gutierrez-ibague/locations/us-central1/operations/operation-1787329134288-65990fe255e2a-3d91a5b8-223b5c31 {"name":"projects/miguel-angel-gutierrez-ibague/locations/us-central1/operations/operation-1787329134288-65990fe255e2a-3d91a5b8-223b5c31","metadata":{"@type":"type.googleapis.com/google.cloud.functions.v2.OperationMetadata","createTime":"2026-08-21T16:18:55.982948194Z","target":"projects/miguel-angel-gutierrez-ibague/locations/us-central1/functions/sanityWrite","verb":"create","cancelRequested":false,"apiVersion":"v2","requestResource":{"@type":"type.googleapis.com/google.cloud.functions.v2.Function","name":"projects/miguel-angel-gutierrez-ibague/locations/us-central1/functions/sanityWrite","buildConfig":{"runtime":"nodejs22","entryPoint":"sanityWrite","source":{"storageSource":{"bucket":"gcf-v2-sources-104464044983-us-central1","object":"sanityWrite/function-source.zip","generation":"1787329135332515"}},"environmentVariables":{"GOOGLE_NODE_RUN_SCRIPTS":""},"serviceAccount":"projects/miguel-angel-gutierrez-ibague/serviceAccounts/104464044983-compute@developer.gserviceaccount.com","automaticUpdatePolicy":{}},"serviceConfig":{"service":"projects/miguel-angel-gutierrez-ibague/locations/us-central1/services/sanitywrite","timeoutSeconds":60,"environmentVariables":{"FIREBASE_CONFIG":"{\"projectId\":\"miguel-angel-gutierrez-ibague\",\"databaseURL\":\"https://miguel-angel-gutierrez-ibague.firebaseio.com\",\"storageBucket\":\"miguel-angel-gutierrez-ibague.firebasestorage.app\"}","GCLOUD_PROJECT":"miguel-angel-gutierrez-ibague","EVENTARC_CLOUD_EVENT_SOURCE":"projects/miguel-angel-gutierrez-ibague/locations/us-central1/services/sanityWrite","FUNCTION_REGION":"us-central1","FUNCTION_TARGET":"sanityWrite","LOG_EXECUTION_ID":"true"},"maxInstanceCount":10,"ingressSettings":"ALLOW_ALL","serviceAccountEmail":"104464044983-compute@developer.gserviceaccount.com","availableMemory":"256Mi","secretEnvironmentVariables":[{"key":"SANITY_WRITE_TOKEN","projectId":"miguel-angel-gutierrez-ibague","secret":"SANITY_WRITE_TOKEN","version":"1"}],"maxInstanceRequestConcurrency":80,"availableCpu":"1"},"labels":{"deployment-tool":"cli-firebase","deployment-callable":"true","firebase-functions-codebase":"admin","firebase-functions-hash":"1455254083f1a2c5294003c5e8bab65ccfc57641"},"environment":"GEN_2"},"stages":[{"name":"BUILD","state":"NOT_STARTED"},{"name":"SERVICE","state":"NOT_STARTED"}],"operationType":"CREATE_FUNCTION"},"done":false}
[debug] [2026-08-21T16:19:44.744Z] [create-admin-us-central1-sanityWrite] Retrying task index 0
[debug] [2026-08-21T16:19:44.745Z] Checked if tokens are valid: true, expires at: 1787332633345
[debug] [2026-08-21T16:19:44.745Z] Checked if tokens are valid: true, expires at: 1787332633345
[debug] [2026-08-21T16:19:44.745Z] >>> [apiv2][query] GET https://cloudfunctions.googleapis.com/v2/projects/miguel-angel-gutierrez-ibague/locations/us-central1/operations/operation-1787329134288-65990fe255e2a-3d91a5b8-223b5c31 [none]
[debug] [2026-08-21T16:19:45.295Z] <<< [apiv2][status] GET https://cloudfunctions.googleapis.com/v2/projects/miguel-angel-gutierrez-ibague/locations/us-central1/operations/operation-1787329134288-65990fe255e2a-3d91a5b8-223b5c31 200
[debug] [2026-08-21T16:19:45.295Z] <<< [apiv2][body] GET https://cloudfunctions.googleapis.com/v2/projects/miguel-angel-gutierrez-ibague/locations/us-central1/operations/operation-1787329134288-65990fe255e2a-3d91a5b8-223b5c31 {"name":"projects/miguel-angel-gutierrez-ibague/locations/us-central1/operations/operation-1787329134288-65990fe255e2a-3d91a5b8-223b5c31","metadata":{"@type":"type.googleapis.com/google.cloud.functions.v2.OperationMetadata","createTime":"2026-08-21T16:18:55.982948194Z","target":"projects/miguel-angel-gutierrez-ibague/locations/us-central1/functions/sanityWrite","verb":"create","cancelRequested":false,"apiVersion":"v2","requestResource":{"@type":"type.googleapis.com/google.cloud.functions.v2.Function","name":"projects/miguel-angel-gutierrez-ibague/locations/us-central1/functions/sanityWrite","buildConfig":{"runtime":"nodejs22","entryPoint":"sanityWrite","source":{"storageSource":{"bucket":"gcf-v2-sources-104464044983-us-central1","object":"sanityWrite/function-source.zip","generation":"1787329135332515"}},"environmentVariables":{"GOOGLE_NODE_RUN_SCRIPTS":""},"serviceAccount":"projects/miguel-angel-gutierrez-ibague/serviceAccounts/104464044983-compute@developer.gserviceaccount.com","automaticUpdatePolicy":{}},"serviceConfig":{"service":"projects/miguel-angel-gutierrez-ibague/locations/us-central1/services/sanitywrite","timeoutSeconds":60,"environmentVariables":{"FIREBASE_CONFIG":"{\"projectId\":\"miguel-angel-gutierrez-ibague\",\"databaseURL\":\"https://miguel-angel-gutierrez-ibague.firebaseio.com\",\"storageBucket\":\"miguel-angel-gutierrez-ibague.firebasestorage.app\"}","GCLOUD_PROJECT":"miguel-angel-gutierrez-ibague","EVENTARC_CLOUD_EVENT_SOURCE":"projects/miguel-angel-gutierrez-ibague/locations/us-central1/services/sanityWrite","FUNCTION_REGION":"us-central1","FUNCTION_TARGET":"sanityWrite","LOG_EXECUTION_ID":"true"},"maxInstanceCount":10,"ingressSettings":"ALLOW_ALL","serviceAccountEmail":"104464044983-compute@developer.gserviceaccount.com","availableMemory":"256Mi","secretEnvironmentVariables":[{"key":"SANITY_WRITE_TOKEN","projectId":"miguel-angel-gutierrez-ibague","secret":"SANITY_WRITE_TOKEN","version":"1"}],"maxInstanceRequestConcurrency":80,"availableCpu":"1"},"labels":{"deployment-tool":"cli-firebase","deployment-callable":"true","firebase-functions-codebase":"admin","firebase-functions-hash":"1455254083f1a2c5294003c5e8bab65ccfc57641"},"environment":"GEN_2"},"stages":[{"name":"BUILD","state":"NOT_STARTED"},{"name":"SERVICE","state":"NOT_STARTED"}],"operationType":"CREATE_FUNCTION"},"done":false}
[debug] [2026-08-21T16:19:55.296Z] [create-admin-us-central1-sanityWrite] Retrying task index 0
[debug] [2026-08-21T16:19:55.296Z] Checked if tokens are valid: true, expires at: 1787332633345
[debug] [2026-08-21T16:19:55.296Z] Checked if tokens are valid: true, expires at: 1787332633345
[debug] [2026-08-21T16:19:55.297Z] >>> [apiv2][query] GET https://cloudfunctions.googleapis.com/v2/projects/miguel-angel-gutierrez-ibague/locations/us-central1/operations/operation-1787329134288-65990fe255e2a-3d91a5b8-223b5c31 [none]
[debug] [2026-08-21T16:19:55.779Z] <<< [apiv2][status] GET https://cloudfunctions.googleapis.com/v2/projects/miguel-angel-gutierrez-ibague/locations/us-central1/operations/operation-1787329134288-65990fe255e2a-3d91a5b8-223b5c31 200
[debug] [2026-08-21T16:19:55.779Z] <<< [apiv2][body] GET https://cloudfunctions.googleapis.com/v2/projects/miguel-angel-gutierrez-ibague/locations/us-central1/operations/operation-1787329134288-65990fe255e2a-3d91a5b8-223b5c31 {"name":"projects/miguel-angel-gutierrez-ibague/locations/us-central1/operations/operation-1787329134288-65990fe255e2a-3d91a5b8-223b5c31","metadata":{"@type":"type.googleapis.com/google.cloud.functions.v2.OperationMetadata","createTime":"2026-08-21T16:18:55.982948194Z","target":"projects/miguel-angel-gutierrez-ibague/locations/us-central1/functions/sanityWrite","verb":"create","cancelRequested":false,"apiVersion":"v2","requestResource":{"@type":"type.googleapis.com/google.cloud.functions.v2.Function","name":"projects/miguel-angel-gutierrez-ibague/locations/us-central1/functions/sanityWrite","buildConfig":{"runtime":"nodejs22","entryPoint":"sanityWrite","source":{"storageSource":{"bucket":"gcf-v2-sources-104464044983-us-central1","object":"sanityWrite/function-source.zip","generation":"1787329135332515"}},"environmentVariables":{"GOOGLE_NODE_RUN_SCRIPTS":""},"serviceAccount":"projects/miguel-angel-gutierrez-ibague/serviceAccounts/104464044983-compute@developer.gserviceaccount.com","automaticUpdatePolicy":{}},"serviceConfig":{"service":"projects/miguel-angel-gutierrez-ibague/locations/us-central1/services/sanitywrite","timeoutSeconds":60,"environmentVariables":{"FIREBASE_CONFIG":"{\"projectId\":\"miguel-angel-gutierrez-ibague\",\"databaseURL\":\"https://miguel-angel-gutierrez-ibague.firebaseio.com\",\"storageBucket\":\"miguel-angel-gutierrez-ibague.firebasestorage.app\"}","GCLOUD_PROJECT":"miguel-angel-gutierrez-ibague","EVENTARC_CLOUD_EVENT_SOURCE":"projects/miguel-angel-gutierrez-ibague/locations/us-central1/services/sanityWrite","FUNCTION_REGION":"us-central1","FUNCTION_TARGET":"sanityWrite","LOG_EXECUTION_ID":"true"},"maxInstanceCount":10,"ingressSettings":"ALLOW_ALL","serviceAccountEmail":"104464044983-compute@developer.gserviceaccount.com","availableMemory":"256Mi","secretEnvironmentVariables":[{"key":"SANITY_WRITE_TOKEN","projectId":"miguel-angel-gutierrez-ibague","secret":"SANITY_WRITE_TOKEN","version":"1"}],"maxInstanceRequestConcurrency":80,"availableCpu":"1"},"labels":{"deployment-tool":"cli-firebase","deployment-callable":"true","firebase-functions-codebase":"admin","firebase-functions-hash":"1455254083f1a2c5294003c5e8bab65ccfc57641"},"environment":"GEN_2"},"stages":[{"name":"BUILD","state":"NOT_STARTED"},{"name":"SERVICE","state":"NOT_STARTED"}],"operationType":"CREATE_FUNCTION"},"done":false}
[debug] [2026-08-21T16:20:05.782Z] [create-admin-us-central1-sanityWrite] Retrying task index 0
[debug] [2026-08-21T16:20:05.784Z] Checked if tokens are valid: true, expires at: 1787332633345
[debug] [2026-08-21T16:20:05.785Z] Checked if tokens are valid: true, expires at: 1787332633345
[debug] [2026-08-21T16:20:05.785Z] >>> [apiv2][query] GET https://cloudfunctions.googleapis.com/v2/projects/miguel-angel-gutierrez-ibague/locations/us-central1/operations/operation-1787329134288-65990fe255e2a-3d91a5b8-223b5c31 [none]
[debug] [2026-08-21T16:20:06.265Z] <<< [apiv2][status] GET https://cloudfunctions.googleapis.com/v2/projects/miguel-angel-gutierrez-ibague/locations/us-central1/operations/operation-1787329134288-65990fe255e2a-3d91a5b8-223b5c31 200
[debug] [2026-08-21T16:20:06.265Z] <<< [apiv2][body] GET https://cloudfunctions.googleapis.com/v2/projects/miguel-angel-gutierrez-ibague/locations/us-central1/operations/operation-1787329134288-65990fe255e2a-3d91a5b8-223b5c31 {"name":"projects/miguel-angel-gutierrez-ibague/locations/us-central1/operations/operation-1787329134288-65990fe255e2a-3d91a5b8-223b5c31","metadata":{"@type":"type.googleapis.com/google.cloud.functions.v2.OperationMetadata","createTime":"2026-08-21T16:18:55.982948194Z","target":"projects/miguel-angel-gutierrez-ibague/locations/us-central1/functions/sanityWrite","verb":"create","cancelRequested":false,"apiVersion":"v2","requestResource":{"@type":"type.googleapis.com/google.cloud.functions.v2.Function","name":"projects/miguel-angel-gutierrez-ibague/locations/us-central1/functions/sanityWrite","buildConfig":{"runtime":"nodejs22","entryPoint":"sanityWrite","source":{"storageSource":{"bucket":"gcf-v2-sources-104464044983-us-central1","object":"sanityWrite/function-source.zip","generation":"1787329135332515"}},"environmentVariables":{"GOOGLE_NODE_RUN_SCRIPTS":""},"serviceAccount":"projects/miguel-angel-gutierrez-ibague/serviceAccounts/104464044983-compute@developer.gserviceaccount.com","automaticUpdatePolicy":{}},"serviceConfig":{"service":"projects/miguel-angel-gutierrez-ibague/locations/us-central1/services/sanitywrite","timeoutSeconds":60,"environmentVariables":{"FIREBASE_CONFIG":"{\"projectId\":\"miguel-angel-gutierrez-ibague\",\"databaseURL\":\"https://miguel-angel-gutierrez-ibague.firebaseio.com\",\"storageBucket\":\"miguel-angel-gutierrez-ibague.firebasestorage.app\"}","GCLOUD_PROJECT":"miguel-angel-gutierrez-ibague","EVENTARC_CLOUD_EVENT_SOURCE":"projects/miguel-angel-gutierrez-ibague/locations/us-central1/services/sanityWrite","FUNCTION_REGION":"us-central1","FUNCTION_TARGET":"sanityWrite","LOG_EXECUTION_ID":"true"},"maxInstanceCount":10,"ingressSettings":"ALLOW_ALL","serviceAccountEmail":"104464044983-compute@developer.gserviceaccount.com","availableMemory":"256Mi","secretEnvironmentVariables":[{"key":"SANITY_WRITE_TOKEN","projectId":"miguel-angel-gutierrez-ibague","secret":"SANITY_WRITE_TOKEN","version":"1"}],"maxInstanceRequestConcurrency":80,"availableCpu":"1"},"labels":{"deployment-tool":"cli-firebase","deployment-callable":"true","firebase-functions-codebase":"admin","firebase-functions-hash":"1455254083f1a2c5294003c5e8bab65ccfc57641"},"environment":"GEN_2"},"stages":[{"name":"BUILD","state":"NOT_STARTED"},{"name":"SERVICE","state":"NOT_STARTED"}],"operationType":"CREATE_FUNCTION"},"done":false}
[debug] [2026-08-21T16:20:16.266Z] [create-admin-us-central1-sanityWrite] Retrying task index 0
[debug] [2026-08-21T16:20:16.266Z] Checked if tokens are valid: true, expires at: 1787332633345
[debug] [2026-08-21T16:20:16.267Z] Checked if tokens are valid: true, expires at: 1787332633345
[debug] [2026-08-21T16:20:16.267Z] >>> [apiv2][query] GET https://cloudfunctions.googleapis.com/v2/projects/miguel-angel-gutierrez-ibague/locations/us-central1/operations/operation-1787329134288-65990fe255e2a-3d91a5b8-223b5c31 [none]
[debug] [2026-08-21T16:20:16.749Z] <<< [apiv2][status] GET https://cloudfunctions.googleapis.com/v2/projects/miguel-angel-gutierrez-ibague/locations/us-central1/operations/operation-1787329134288-65990fe255e2a-3d91a5b8-223b5c31 200
[debug] [2026-08-21T16:20:16.749Z] <<< [apiv2][body] GET https://cloudfunctions.googleapis.com/v2/projects/miguel-angel-gutierrez-ibague/locations/us-central1/operations/operation-1787329134288-65990fe255e2a-3d91a5b8-223b5c31 {"name":"projects/miguel-angel-gutierrez-ibague/locations/us-central1/operations/operation-1787329134288-65990fe255e2a-3d91a5b8-223b5c31","metadata":{"@type":"type.googleapis.com/google.cloud.functions.v2.OperationMetadata","createTime":"2026-08-21T16:18:55.982948194Z","target":"projects/miguel-angel-gutierrez-ibague/locations/us-central1/functions/sanityWrite","verb":"create","cancelRequested":false,"apiVersion":"v2","requestResource":{"@type":"type.googleapis.com/google.cloud.functions.v2.Function","name":"projects/miguel-angel-gutierrez-ibague/locations/us-central1/functions/sanityWrite","buildConfig":{"runtime":"nodejs22","entryPoint":"sanityWrite","source":{"storageSource":{"bucket":"gcf-v2-sources-104464044983-us-central1","object":"sanityWrite/function-source.zip","generation":"1787329135332515"}},"environmentVariables":{"GOOGLE_NODE_RUN_SCRIPTS":""},"serviceAccount":"projects/miguel-angel-gutierrez-ibague/serviceAccounts/104464044983-compute@developer.gserviceaccount.com","automaticUpdatePolicy":{}},"serviceConfig":{"service":"projects/miguel-angel-gutierrez-ibague/locations/us-central1/services/sanitywrite","timeoutSeconds":60,"environmentVariables":{"FIREBASE_CONFIG":"{\"projectId\":\"miguel-angel-gutierrez-ibague\",\"databaseURL\":\"https://miguel-angel-gutierrez-ibague.firebaseio.com\",\"storageBucket\":\"miguel-angel-gutierrez-ibague.firebasestorage.app\"}","GCLOUD_PROJECT":"miguel-angel-gutierrez-ibague","EVENTARC_CLOUD_EVENT_SOURCE":"projects/miguel-angel-gutierrez-ibague/locations/us-central1/services/sanityWrite","FUNCTION_REGION":"us-central1","FUNCTION_TARGET":"sanityWrite","LOG_EXECUTION_ID":"true"},"maxInstanceCount":10,"ingressSettings":"ALLOW_ALL","serviceAccountEmail":"104464044983-compute@developer.gserviceaccount.com","availableMemory":"256Mi","secretEnvironmentVariables":[{"key":"SANITY_WRITE_TOKEN","projectId":"miguel-angel-gutierrez-ibague","secret":"SANITY_WRITE_TOKEN","version":"1"}],"maxInstanceRequestConcurrency":80,"availableCpu":"1"},"labels":{"deployment-tool":"cli-firebase","deployment-callable":"true","firebase-functions-codebase":"admin","firebase-functions-hash":"1455254083f1a2c5294003c5e8bab65ccfc57641"},"environment":"GEN_2"},"stages":[{"name":"BUILD","message":"Build in progress","state":"IN_PROGRESS","resource":"projects/104464044983/locations/us-central1/builds/0fad9f4f-09d6-4558-9d01-b1e424dbf26e","resourceUri":"https://console.cloud.google.com/cloud-build/builds;region=us-central1/0fad9f4f-09d6-4558-9d01-b1e424dbf26e?project=104464044983"},{"name":"SERVICE","state":"NOT_STARTED"}],"operationType":"CREATE_FUNCTION","buildName":"projects/104464044983/locations/us-central1/builds/0fad9f4f-09d6-4558-9d01-b1e424dbf26e"},"done":false}
[debug] [2026-08-21T16:20:16.482Z] ----------------------------------------------------------------------
[debug] [2026-08-21T16:20:16.483Z] Command:       /Users/migue/.nvm/versions/node/v24.18.0/bin/node /Users/migue/.nvm/versions/node/v24.18.0/bin/firebase deploy --only functions --project miguel-angel-gutierrez-ibague --non-interactive
[debug] [2026-08-21T16:20:16.483Z] CLI Version:   15.28.1
[debug] [2026-08-21T16:20:16.483Z] Platform:      darwin
[debug] [2026-08-21T16:20:16.483Z] Node Version:  v24.18.0
[debug] [2026-08-21T16:20:16.483Z] Detected Agent: cursor
[debug] [2026-08-21T16:20:16.483Z] Time:          Fri Aug 21 2026 11:20:16 GMT-0500 (Colombia Standard Time)
[debug] [2026-08-21T16:20:16.483Z] ----------------------------------------------------------------------
[debug] 
[debug] [2026-08-21T16:20:17.166Z] > command requires scopes: ["email","openid","https://www.googleapis.com/auth/cloudplatformprojects.readonly","https://www.googleapis.com/auth/firebase","https://www.googleapis.com/auth/cloud-platform"]
[debug] [2026-08-21T16:20:17.166Z] > authorizing via signed-in user (miguelangelgi.97@gmail.com)
[debug] [2026-08-21T16:20:17.166Z] [iam] checking project miguel-angel-gutierrez-ibague for permissions ["cloudfunctions.functions.create","cloudfunctions.functions.delete","cloudfunctions.functions.get","cloudfunctions.functions.list","cloudfunctions.functions.update","cloudfunctions.operations.get","firebase.projects.get"]
[debug] [2026-08-21T16:20:17.170Z] Checked if tokens are valid: true, expires at: 1787332633345
[debug] [2026-08-21T16:20:17.170Z] Checked if tokens are valid: true, expires at: 1787332633345
[debug] [2026-08-21T16:20:17.171Z] >>> [apiv2][query] POST https://cloudresourcemanager.googleapis.com/v1/projects/miguel-angel-gutierrez-ibague:testIamPermissions [none]
[debug] [2026-08-21T16:20:17.171Z] >>> [apiv2][(partial)header] POST https://cloudresourcemanager.googleapis.com/v1/projects/miguel-angel-gutierrez-ibague:testIamPermissions  x-goog-user-project=miguel-angel-gutierrez-ibague
[debug] [2026-08-21T16:20:17.171Z] >>> [apiv2][body] POST https://cloudresourcemanager.googleapis.com/v1/projects/miguel-angel-gutierrez-ibague:testIamPermissions {"permissions":["cloudfunctions.functions.create","cloudfunctions.functions.delete","cloudfunctions.functions.get","cloudfunctions.functions.list","cloudfunctions.functions.update","cloudfunctions.operations.get","firebase.projects.get"]}
[debug] [2026-08-21T16:20:17.806Z] <<< [apiv2][status] POST https://cloudresourcemanager.googleapis.com/v1/projects/miguel-angel-gutierrez-ibague:testIamPermissions 200
[debug] [2026-08-21T16:20:17.806Z] <<< [apiv2][body] POST https://cloudresourcemanager.googleapis.com/v1/projects/miguel-angel-gutierrez-ibague:testIamPermissions {"permissions":["cloudfunctions.functions.create","cloudfunctions.functions.delete","cloudfunctions.functions.get","cloudfunctions.functions.list","cloudfunctions.functions.update","cloudfunctions.operations.get","firebase.projects.get"]}
[debug] [2026-08-21T16:20:17.806Z] Checked if tokens are valid: true, expires at: 1787332633345
[debug] [2026-08-21T16:20:17.806Z] Checked if tokens are valid: true, expires at: 1787332633345
[debug] [2026-08-21T16:20:17.806Z] >>> [apiv2][query] POST https://iam.googleapis.com/v1/projects/miguel-angel-gutierrez-ibague/serviceAccounts/miguel-angel-gutierrez-ibague@appspot.gserviceaccount.com:testIamPermissions [none]
[debug] [2026-08-21T16:20:17.806Z] >>> [apiv2][body] POST https://iam.googleapis.com/v1/projects/miguel-angel-gutierrez-ibague/serviceAccounts/miguel-angel-gutierrez-ibague@appspot.gserviceaccount.com:testIamPermissions {"permissions":["iam.serviceAccounts.actAs"]}
[debug] [2026-08-21T16:20:18.328Z] <<< [apiv2][status] POST https://iam.googleapis.com/v1/projects/miguel-angel-gutierrez-ibague/serviceAccounts/miguel-angel-gutierrez-ibague@appspot.gserviceaccount.com:testIamPermissions 404
[debug] [2026-08-21T16:20:18.328Z] <<< [apiv2][body] POST https://iam.googleapis.com/v1/projects/miguel-angel-gutierrez-ibague/serviceAccounts/miguel-angel-gutierrez-ibague@appspot.gserviceaccount.com:testIamPermissions {"error":{"code":404,"message":"Unknown service account","status":"NOT_FOUND"}}
[debug] [2026-08-21T16:20:18.328Z] [functions] service account IAM check errored, deploy may fail: Request to https://iam.googleapis.com/v1/projects/miguel-angel-gutierrez-ibague/serviceAccounts/miguel-angel-gutierrez-ibague@appspot.gserviceaccount.com:testIamPermissions had HTTP Error: 404, Unknown service account {"name":"FirebaseError","children":[],"context":{"body":{"error":{"code":404,"message":"Unknown service account","status":"NOT_FOUND"}},"response":{"statusCode":404}},"exit":1,"message":"Request to https://iam.googleapis.com/v1/projects/miguel-angel-gutierrez-ibague/serviceAccounts/miguel-angel-gutierrez-ibague@appspot.gserviceaccount.com:testIamPermissions had HTTP Error: 404, Unknown service account","status":404}
[info] 
[info] === Deploying to 'miguel-angel-gutierrez-ibague'...
[info] 
[info] i  deploying functions 
[info] Running command: npm --prefix "$RESOURCE_DIR" run build
[info] ✔  functions: Finished running predeploy script. 
[debug] [2026-08-21T16:20:18.946Z] Checked if tokens are valid: true, expires at: 1787332633345
[debug] [2026-08-21T16:20:18.946Z] Checked if tokens are valid: true, expires at: 1787332633345
[debug] [2026-08-21T16:20:18.946Z] >>> [apiv2][query] GET https://cloudresourcemanager.googleapis.com/v1/projects/miguel-angel-gutierrez-ibague [none]
[debug] [2026-08-21T16:20:19.089Z] <<< [apiv2][status] GET https://cloudresourcemanager.googleapis.com/v1/projects/miguel-angel-gutierrez-ibague 200
[debug] [2026-08-21T16:20:19.089Z] <<< [apiv2][body] GET https://cloudresourcemanager.googleapis.com/v1/projects/miguel-angel-gutierrez-ibague {"projectNumber":"104464044983","projectId":"miguel-angel-gutierrez-ibague","lifecycleState":"ACTIVE","name":"miguel-angel-gutierrez-ibague","labels":{"firebase":"enabled"},"createTime":"2020-11-15T18:33:08.551Z"}
[info] i  functions: preparing codebase admin for deployment 
[info] i  functions: ensuring required API cloudfunctions.googleapis.com is enabled... 
[info] i  functions: ensuring required API cloudbuild.googleapis.com is enabled... 
[info] i  artifactregistry: ensuring required API artifactregistry.googleapis.com is enabled... 
[debug] [2026-08-21T16:20:19.091Z] Checked if tokens are valid: true, expires at: 1787332633345
[debug] [2026-08-21T16:20:19.091Z] Checked if tokens are valid: true, expires at: 1787332633345
[debug] [2026-08-21T16:20:19.091Z] >>> [apiv2][query] GET https://firebase.googleapis.com/v1beta1/projects/miguel-angel-gutierrez-ibague/adminSdkConfig [none]
[debug] [2026-08-21T16:20:19.538Z] <<< [apiv2][status] GET https://firebase.googleapis.com/v1beta1/projects/miguel-angel-gutierrez-ibague/adminSdkConfig 200
[debug] [2026-08-21T16:20:19.538Z] <<< [apiv2][body] GET https://firebase.googleapis.com/v1beta1/projects/miguel-angel-gutierrez-ibague/adminSdkConfig {"projectId":"miguel-angel-gutierrez-ibague","databaseURL":"https://miguel-angel-gutierrez-ibague.firebaseio.com","storageBucket":"miguel-angel-gutierrez-ibague.firebasestorage.app"}
[debug] [2026-08-21T16:20:19.538Z] Checked if tokens are valid: true, expires at: 1787332633345
[debug] [2026-08-21T16:20:19.538Z] Checked if tokens are valid: true, expires at: 1787332633345
[debug] [2026-08-21T16:20:19.538Z] >>> [apiv2][query] GET https://runtimeconfig.googleapis.com/v1beta1/projects/miguel-angel-gutierrez-ibague/configs [none]
[debug] [2026-08-21T16:20:19.970Z] <<< [apiv2][status] GET https://runtimeconfig.googleapis.com/v1beta1/projects/miguel-angel-gutierrez-ibague/configs 200
[debug] [2026-08-21T16:20:19.970Z] <<< [apiv2][body] GET https://runtimeconfig.googleapis.com/v1beta1/projects/miguel-angel-gutierrez-ibague/configs {}
[debug] [2026-08-21T16:20:19.973Z] Validating nodejs source
[debug] [2026-08-21T16:20:20.446Z] > [functions] package.json contents: {
  "name": "cv-admin-panel-functions",
  "version": "0.1.0",
  "private": true,
  "main": "lib/index.js",
  "engines": {
    "node": "22"
  },
  "scripts": {
    "build": "tsc",
    "build:watch": "tsc --watch",
    "serve": "npm run build && firebase emulators:start --only functions",
    "deploy": "firebase deploy --only functions"
  },
  "dependencies": {
    "@sanity/client": "^7.12.0",
    "firebase-admin": "^13.0.0",
    "firebase-functions": "^6.3.0"
  },
  "devDependencies": {
    "@types/node": "^22.0.0",
    "typescript": "~5.8.0"
  }
}
[debug] [2026-08-21T16:20:20.446Z] Building nodejs source
[info] i  functions: Loading and analyzing source code for codebase admin to determine what to deploy 
[debug] [2026-08-21T16:20:20.447Z] Could not find functions.yaml. Must use http discovery
[debug] [2026-08-21T16:20:20.452Z] Found firebase-functions binary at '/Users/migue/Documents/Projects/CV-Workspace/cv-admin-panel/functions/node_modules/.bin/firebase-functions'
[info] Serving at port 8348

[debug] [2026-08-21T16:20:20.913Z] Got response from /__/functions.yaml {"endpoints":{"sanityWrite":{"availableMemoryMb":null,"timeoutSeconds":null,"minInstances":null,"maxInstances":10,"ingressSettings":null,"concurrency":null,"serviceAccountEmail":null,"vpc":null,"platform":"gcfv2","region":["us-central1"],"secretEnvironmentVariables":[{"key":"SANITY_WRITE_TOKEN"}],"labels":{},"callableTrigger":{},"entryPoint":"sanityWrite"}},"specVersion":"v1alpha1","requiredAPIs":[],"extensions":{},"params":[{"type":"secret","name":"SANITY_WRITE_TOKEN"}]}
[debug] [2026-08-21T16:20:23.928Z] Checked if tokens are valid: true, expires at: 1787332633345
[debug] [2026-08-21T16:20:23.928Z] Checked if tokens are valid: true, expires at: 1787332633345
[debug] [2026-08-21T16:20:23.928Z] >>> [apiv2][query] GET https://cloudfunctions.googleapis.com/v1/projects/miguel-angel-gutierrez-ibague/locations/-/functions [none]
[debug] [2026-08-21T16:20:24.803Z] <<< [apiv2][status] GET https://cloudfunctions.googleapis.com/v1/projects/miguel-angel-gutierrez-ibague/locations/-/functions 200
[debug] [2026-08-21T16:20:24.803Z] <<< [apiv2][body] GET https://cloudfunctions.googleapis.com/v1/projects/miguel-angel-gutierrez-ibague/locations/-/functions {}
[debug] [2026-08-21T16:20:24.804Z] Checked if tokens are valid: true, expires at: 1787332633345
[debug] [2026-08-21T16:20:24.804Z] Checked if tokens are valid: true, expires at: 1787332633345
[debug] [2026-08-21T16:20:24.804Z] >>> [apiv2][query] GET https://cloudfunctions.googleapis.com/v2/projects/miguel-angel-gutierrez-ibague/locations/-/functions filter=environment%3D%22GEN_2%22
[debug] [2026-08-21T16:20:25.338Z] <<< [apiv2][status] GET https://cloudfunctions.googleapis.com/v2/projects/miguel-angel-gutierrez-ibague/locations/-/functions 200
[debug] [2026-08-21T16:20:25.338Z] <<< [apiv2][body] GET https://cloudfunctions.googleapis.com/v2/projects/miguel-angel-gutierrez-ibague/locations/-/functions {"functions":[{"name":"projects/miguel-angel-gutierrez-ibague/locations/us-central1/functions/sanityWrite","serviceConfig":{"service":"projects/miguel-angel-gutierrez-ibague/locations/us-central1/services/sanitywrite"},"state":"DEPLOYING","updateTime":"2026-08-21T16:18:55.977397934Z","labels":{"deployment-callable":"true","firebase-functions-codebase":"admin","firebase-functions-hash":"1455254083f1a2c5294003c5e8bab65ccfc57641","deployment-tool":"cli-firebase"},"environment":"GEN_2"}]}
[info] i  extensions: ensuring required API firebaseextensions.googleapis.com is enabled... 
[debug] [2026-08-21T16:20:25.341Z] > command requires scopes: ["email","openid","https://www.googleapis.com/auth/cloudplatformprojects.readonly","https://www.googleapis.com/auth/firebase","https://www.googleapis.com/auth/cloud-platform"]
[debug] [2026-08-21T16:20:25.341Z] > authorizing via signed-in user (miguelangelgi.97@gmail.com)
[debug] [2026-08-21T16:20:25.341Z] [iam] checking project miguel-angel-gutierrez-ibague for permissions ["firebase.projects.get","firebaseextensions.instances.list"]
[debug] [2026-08-21T16:20:25.341Z] Checked if tokens are valid: true, expires at: 1787332633345
[debug] [2026-08-21T16:20:25.341Z] Checked if tokens are valid: true, expires at: 1787332633345
[debug] [2026-08-21T16:20:25.342Z] >>> [apiv2][query] POST https://cloudresourcemanager.googleapis.com/v1/projects/miguel-angel-gutierrez-ibague:testIamPermissions [none]
[debug] [2026-08-21T16:20:25.342Z] >>> [apiv2][(partial)header] POST https://cloudresourcemanager.googleapis.com/v1/projects/miguel-angel-gutierrez-ibague:testIamPermissions  x-goog-user-project=miguel-angel-gutierrez-ibague
[debug] [2026-08-21T16:20:25.342Z] >>> [apiv2][body] POST https://cloudresourcemanager.googleapis.com/v1/projects/miguel-angel-gutierrez-ibague:testIamPermissions {"permissions":["firebase.projects.get","firebaseextensions.instances.list"]}
[debug] [2026-08-21T16:20:25.916Z] <<< [apiv2][status] POST https://cloudresourcemanager.googleapis.com/v1/projects/miguel-angel-gutierrez-ibague:testIamPermissions 200
[debug] [2026-08-21T16:20:25.916Z] <<< [apiv2][body] POST https://cloudresourcemanager.googleapis.com/v1/projects/miguel-angel-gutierrez-ibague:testIamPermissions {"permissions":["firebase.projects.get","firebaseextensions.instances.list"]}
[debug] [2026-08-21T16:20:25.917Z] Checked if tokens are valid: true, expires at: 1787332633345
[debug] [2026-08-21T16:20:25.917Z] Checked if tokens are valid: true, expires at: 1787332633345
[debug] [2026-08-21T16:20:25.917Z] >>> [apiv2][query] GET https://firebaseextensions.googleapis.com/v1beta/projects/miguel-angel-gutierrez-ibague/instances pageSize=100&pageToken=
[debug] [2026-08-21T16:20:26.726Z] <<< [apiv2][status] GET https://firebaseextensions.googleapis.com/v1beta/projects/miguel-angel-gutierrez-ibague/instances 200
[debug] [2026-08-21T16:20:26.726Z] <<< [apiv2][body] GET https://firebaseextensions.googleapis.com/v1beta/projects/miguel-angel-gutierrez-ibague/instances {}
[debug] [2026-08-21T16:20:26.727Z] Attempting to merge .env secret bindings {} into declared secrets...)}
[debug] [2026-08-21T16:20:26.727Z] sanityWrite declared secrets: [{"key":"SANITY_WRITE_TOKEN","secret":"SANITY_WRITE_TOKEN","projectId":"miguel-angel-gutierrez-ibague"}]
[debug] [2026-08-21T16:20:26.728Z] Checked if tokens are valid: true, expires at: 1787332633345
[debug] [2026-08-21T16:20:26.728Z] Checked if tokens are valid: true, expires at: 1787332633345
[debug] [2026-08-21T16:20:26.728Z] >>> [apiv2][query] GET https://secretmanager.googleapis.com/v1/projects/miguel-angel-gutierrez-ibague/secrets/SANITY_WRITE_TOKEN [none]
[debug] [2026-08-21T16:20:26.750Z] [create-admin-us-central1-sanityWrite] Retrying task index 0
[debug] [2026-08-21T16:20:26.752Z] Checked if tokens are valid: true, expires at: 1787332633345
[debug] [2026-08-21T16:20:26.752Z] Checked if tokens are valid: true, expires at: 1787332633345
[debug] [2026-08-21T16:20:26.752Z] >>> [apiv2][query] GET https://cloudfunctions.googleapis.com/v2/projects/miguel-angel-gutierrez-ibague/locations/us-central1/operations/operation-1787329134288-65990fe255e2a-3d91a5b8-223b5c31 [none]
[debug] [2026-08-21T16:20:27.238Z] <<< [apiv2][status] GET https://cloudfunctions.googleapis.com/v2/projects/miguel-angel-gutierrez-ibague/locations/us-central1/operations/operation-1787329134288-65990fe255e2a-3d91a5b8-223b5c31 200
[debug] [2026-08-21T16:20:27.238Z] <<< [apiv2][body] GET https://cloudfunctions.googleapis.com/v2/projects/miguel-angel-gutierrez-ibague/locations/us-central1/operations/operation-1787329134288-65990fe255e2a-3d91a5b8-223b5c31 {"name":"projects/miguel-angel-gutierrez-ibague/locations/us-central1/operations/operation-1787329134288-65990fe255e2a-3d91a5b8-223b5c31","metadata":{"@type":"type.googleapis.com/google.cloud.functions.v2.OperationMetadata","createTime":"2026-08-21T16:18:55.982948194Z","target":"projects/miguel-angel-gutierrez-ibague/locations/us-central1/functions/sanityWrite","verb":"create","cancelRequested":false,"apiVersion":"v2","requestResource":{"@type":"type.googleapis.com/google.cloud.functions.v2.Function","name":"projects/miguel-angel-gutierrez-ibague/locations/us-central1/functions/sanityWrite","buildConfig":{"runtime":"nodejs22","entryPoint":"sanityWrite","source":{"storageSource":{"bucket":"gcf-v2-sources-104464044983-us-central1","object":"sanityWrite/function-source.zip","generation":"1787329135332515"}},"environmentVariables":{"GOOGLE_NODE_RUN_SCRIPTS":""},"serviceAccount":"projects/miguel-angel-gutierrez-ibague/serviceAccounts/104464044983-compute@developer.gserviceaccount.com","automaticUpdatePolicy":{}},"serviceConfig":{"service":"projects/miguel-angel-gutierrez-ibague/locations/us-central1/services/sanitywrite","timeoutSeconds":60,"environmentVariables":{"FIREBASE_CONFIG":"{\"projectId\":\"miguel-angel-gutierrez-ibague\",\"databaseURL\":\"https://miguel-angel-gutierrez-ibague.firebaseio.com\",\"storageBucket\":\"miguel-angel-gutierrez-ibague.firebasestorage.app\"}","GCLOUD_PROJECT":"miguel-angel-gutierrez-ibague","EVENTARC_CLOUD_EVENT_SOURCE":"projects/miguel-angel-gutierrez-ibague/locations/us-central1/services/sanityWrite","FUNCTION_REGION":"us-central1","FUNCTION_TARGET":"sanityWrite","LOG_EXECUTION_ID":"true"},"maxInstanceCount":10,"ingressSettings":"ALLOW_ALL","serviceAccountEmail":"104464044983-compute@developer.gserviceaccount.com","availableMemory":"256Mi","secretEnvironmentVariables":[{"key":"SANITY_WRITE_TOKEN","projectId":"miguel-angel-gutierrez-ibague","secret":"SANITY_WRITE_TOKEN","version":"1"}],"maxInstanceRequestConcurrency":80,"availableCpu":"1"},"labels":{"deployment-tool":"cli-firebase","deployment-callable":"true","firebase-functions-codebase":"admin","firebase-functions-hash":"1455254083f1a2c5294003c5e8bab65ccfc57641"},"environment":"GEN_2"},"stages":[{"name":"BUILD","message":"Build in progress","state":"IN_PROGRESS","resource":"projects/104464044983/locations/us-central1/builds/0fad9f4f-09d6-4558-9d01-b1e424dbf26e","resourceUri":"https://console.cloud.google.com/cloud-build/builds;region=us-central1/0fad9f4f-09d6-4558-9d01-b1e424dbf26e?project=104464044983"},{"name":"SERVICE","state":"NOT_STARTED"}],"operationType":"CREATE_FUNCTION","buildName":"projects/104464044983/locations/us-central1/builds/0fad9f4f-09d6-4558-9d01-b1e424dbf26e"},"done":false}
[debug] [2026-08-21T16:20:27.311Z] <<< [apiv2][status] GET https://secretmanager.googleapis.com/v1/projects/miguel-angel-gutierrez-ibague/secrets/SANITY_WRITE_TOKEN 200
[debug] [2026-08-21T16:20:27.311Z] <<< [apiv2][body] GET https://secretmanager.googleapis.com/v1/projects/miguel-angel-gutierrez-ibague/secrets/SANITY_WRITE_TOKEN {"name":"projects/104464044983/secrets/SANITY_WRITE_TOKEN","replication":{"automatic":{}},"createTime":"2026-08-21T16:17:27.082329Z","labels":{"firebase-managed":"functions"},"etag":"\"165990f8f6ef20\""}
[debug] [2026-08-21T16:20:27.312Z] Checked if tokens are valid: true, expires at: 1787332633345
[debug] [2026-08-21T16:20:27.312Z] Checked if tokens are valid: true, expires at: 1787332633345
[debug] [2026-08-21T16:20:27.312Z] >>> [apiv2][query] GET https://secretmanager.googleapis.com/v1/projects/miguel-angel-gutierrez-ibague/secrets/SANITY_WRITE_TOKEN/versions/latest [none]
[debug] [2026-08-21T16:20:27.460Z] <<< [apiv2][status] GET https://secretmanager.googleapis.com/v1/projects/miguel-angel-gutierrez-ibague/secrets/SANITY_WRITE_TOKEN/versions/latest 200
[debug] [2026-08-21T16:20:27.460Z] <<< [apiv2][body] GET https://secretmanager.googleapis.com/v1/projects/miguel-angel-gutierrez-ibague/secrets/SANITY_WRITE_TOKEN/versions/latest {"name":"projects/104464044983/secrets/SANITY_WRITE_TOKEN/versions/1","createTime":"2026-08-21T16:17:38.075736Z","state":"ENABLED","replicationStatus":{"automatic":{}},"etag":"\"165990f99a7458\""}
[info] i  functions: preparing functions directory for uploading... 
[info] i  functions: packaged /Users/migue/Documents/Projects/CV-Workspace/cv-admin-panel/functions (40.76 KB) for uploading 
[info] i  functions: ensuring required API run.googleapis.com is enabled... 
[info] i  functions: ensuring required API eventarc.googleapis.com is enabled... 
[info] i  functions: ensuring required API pubsub.googleapis.com is enabled... 
[info] i  functions: ensuring required API storage.googleapis.com is enabled... 
[info] i  functions: generating the service identity for pubsub.googleapis.com... 
[debug] [2026-08-21T16:20:27.480Z] Checked if tokens are valid: true, expires at: 1787332633345
[debug] [2026-08-21T16:20:27.480Z] Checked if tokens are valid: true, expires at: 1787332633345
[info] i  functions: generating the service identity for eventarc.googleapis.com... 
[debug] [2026-08-21T16:20:27.480Z] Checked if tokens are valid: true, expires at: 1787332633345
[debug] [2026-08-21T16:20:27.480Z] Checked if tokens are valid: true, expires at: 1787332633345
[debug] [2026-08-21T16:20:27.480Z] >>> [apiv2][query] POST https://serviceusage.googleapis.com/v1beta1/projects/104464044983/services/pubsub.googleapis.com:generateServiceIdentity [none]
[debug] [2026-08-21T16:20:27.480Z] >>> [apiv2][(partial)header] POST https://serviceusage.googleapis.com/v1beta1/projects/104464044983/services/pubsub.googleapis.com:generateServiceIdentity  x-goog-user-project=104464044983
[debug] [2026-08-21T16:20:27.480Z] >>> [apiv2][body] POST https://serviceusage.googleapis.com/v1beta1/projects/104464044983/services/pubsub.googleapis.com:generateServiceIdentity {}
[debug] [2026-08-21T16:20:27.480Z] >>> [apiv2][query] POST https://serviceusage.googleapis.com/v1beta1/projects/104464044983/services/eventarc.googleapis.com:generateServiceIdentity [none]
[debug] [2026-08-21T16:20:27.480Z] >>> [apiv2][(partial)header] POST https://serviceusage.googleapis.com/v1beta1/projects/104464044983/services/eventarc.googleapis.com:generateServiceIdentity  x-goog-user-project=104464044983
[debug] [2026-08-21T16:20:27.480Z] >>> [apiv2][body] POST https://serviceusage.googleapis.com/v1beta1/projects/104464044983/services/eventarc.googleapis.com:generateServiceIdentity {}
[debug] [2026-08-21T16:20:28.152Z] <<< [apiv2][status] POST https://serviceusage.googleapis.com/v1beta1/projects/104464044983/services/pubsub.googleapis.com:generateServiceIdentity 200
[debug] [2026-08-21T16:20:28.152Z] <<< [apiv2][body] POST https://serviceusage.googleapis.com/v1beta1/projects/104464044983/services/pubsub.googleapis.com:generateServiceIdentity {"name":"operations/finished.DONE_OPERATION","done":true,"response":{"@type":"type.googleapis.com/google.api.serviceusage.v1beta1.ServiceIdentity","email":"service-104464044983@gcp-sa-pubsub.iam.gserviceaccount.com","uniqueId":"105591776860869407781"}}
[debug] [2026-08-21T16:20:28.287Z] <<< [apiv2][status] POST https://serviceusage.googleapis.com/v1beta1/projects/104464044983/services/eventarc.googleapis.com:generateServiceIdentity 200
[debug] [2026-08-21T16:20:28.287Z] <<< [apiv2][body] POST https://serviceusage.googleapis.com/v1beta1/projects/104464044983/services/eventarc.googleapis.com:generateServiceIdentity {"name":"operations/finished.DONE_OPERATION","done":true,"response":{"@type":"type.googleapis.com/google.api.serviceusage.v1beta1.ServiceIdentity","email":"service-104464044983@gcp-sa-eventarc.iam.gserviceaccount.com","uniqueId":"115453887141922421448"}}
[info] i  functions: ensuring required API secretmanager.googleapis.com is enabled... 
[debug] [2026-08-21T16:20:28.289Z] Checked if tokens are valid: true, expires at: 1787332633345
[debug] [2026-08-21T16:20:28.289Z] Checked if tokens are valid: true, expires at: 1787332633345
[debug] [2026-08-21T16:20:28.289Z] >>> [apiv2][query] GET https://secretmanager.googleapis.com/v1/projects/miguel-angel-gutierrez-ibague/secrets/SANITY_WRITE_TOKEN/versions/latest [none]
[debug] [2026-08-21T16:20:28.501Z] <<< [apiv2][status] GET https://secretmanager.googleapis.com/v1/projects/miguel-angel-gutierrez-ibague/secrets/SANITY_WRITE_TOKEN/versions/latest 200
[debug] [2026-08-21T16:20:28.501Z] <<< [apiv2][body] GET https://secretmanager.googleapis.com/v1/projects/miguel-angel-gutierrez-ibague/secrets/SANITY_WRITE_TOKEN/versions/latest {"name":"projects/104464044983/secrets/SANITY_WRITE_TOKEN/versions/1","createTime":"2026-08-21T16:17:38.075736Z","state":"ENABLED","replicationStatus":{"automatic":{}},"etag":"\"165990f99a7458\""}
[debug] [2026-08-21T16:20:28.501Z] Resolved latest secret version of SANITY_WRITE_TOKEN to 1.
[debug] [2026-08-21T16:20:28.502Z] Checked if tokens are valid: true, expires at: 1787332633345
[debug] [2026-08-21T16:20:28.502Z] Checked if tokens are valid: true, expires at: 1787332633345
[debug] [2026-08-21T16:20:28.502Z] >>> [apiv2][query] GET https://cloudresourcemanager.googleapis.com/v1/projects/miguel-angel-gutierrez-ibague [none]
[debug] [2026-08-21T16:20:28.665Z] <<< [apiv2][status] GET https://cloudresourcemanager.googleapis.com/v1/projects/miguel-angel-gutierrez-ibague 200
[debug] [2026-08-21T16:20:28.665Z] <<< [apiv2][body] GET https://cloudresourcemanager.googleapis.com/v1/projects/miguel-angel-gutierrez-ibague {"projectNumber":"104464044983","projectId":"miguel-angel-gutierrez-ibague","lifecycleState":"ACTIVE","name":"miguel-angel-gutierrez-ibague","labels":{"firebase":"enabled"},"createTime":"2020-11-15T18:33:08.551Z"}
[debug] [2026-08-21T16:20:28.666Z] Checked if tokens are valid: true, expires at: 1787332633345
[debug] [2026-08-21T16:20:28.666Z] Checked if tokens are valid: true, expires at: 1787332633345
[debug] [2026-08-21T16:20:28.666Z] >>> [apiv2][query] GET https://compute.googleapis.com/compute/v1/projects/104464044983 [none]
[debug] [2026-08-21T16:20:29.158Z] <<< [apiv2][status] GET https://compute.googleapis.com/compute/v1/projects/104464044983 403
[debug] [2026-08-21T16:20:29.158Z] <<< [apiv2][body] GET https://compute.googleapis.com/compute/v1/projects/104464044983 {"error":{"code":403,"message":"Compute Engine API has not been used in project 104464044983 before or it is disabled. Enable it by visiting https://console.developers.google.com/apis/api/compute.googleapis.com/overview?project=104464044983 then retry. If you enabled this API recently, wait a few minutes for the action to propagate to our systems and retry.","errors":[{"message":"Compute Engine API has not been used in project 104464044983 before or it is disabled. Enable it by visiting https://console.developers.google.com/apis/api/compute.googleapis.com/overview?project=104464044983 then retry. If you enabled this API recently, wait a few minutes for the action to propagate to our systems and retry.","domain":"usageLimits","reason":"accessNotConfigured","extendedHelp":"https://console.developers.google.com"}],"status":"PERMISSION_DENIED","details":[{"@type":"type.googleapis.com/google.rpc.ErrorInfo","reason":"SERVICE_DISABLED","domain":"googleapis.com","metadata":{"consumer":"projects/104464044983","serviceTitle":"Compute Engine API","activationUrl":"https://console.developers.google.com/apis/api/compute.googleapis.com/overview?project=104464044983","containerInfo":"104464044983","service":"compute.googleapis.com"}},{"@type":"type.googleapis.com/google.rpc.LocalizedMessage","locale":"en-US","message":"Compute Engine API has not been used in project 104464044983 before or it is disabled. Enable it by visiting https://console.developers.google.com/apis/api/compute.googleapis.com/overview?project=104464044983 then retry. If you enabled this API recently, wait a few minutes for the action to propagate to our systems and retry."},{"@type":"type.googleapis.com/google.rpc.Help","links":[{"description":"Google developers console API activation","url":"https://console.developers.google.com/apis/api/compute.googleapis.com/overview?project=104464044983"}]}]}}
[debug] [2026-08-21T16:20:29.158Z] unable to look up default compute service account. Falling back to 104464044983-compute@developer.gserviceaccount.com. Error: {"name":"FirebaseError","children":[],"context":{"body":{"error":{"code":403,"message":"Compute Engine API has not been used in project 104464044983 before or it is disabled. Enable it by visiting https://console.developers.google.com/apis/api/compute.googleapis.com/overview?project=104464044983 then retry. If you enabled this API recently, wait a few minutes for the action to propagate to our systems and retry.","errors":[{"message":"Compute Engine API has not been used in project 104464044983 before or it is disabled. Enable it by visiting https://console.developers.google.com/apis/api/compute.googleapis.com/overview?project=104464044983 then retry. If you enabled this API recently, wait a few minutes for the action to propagate to our systems and retry.","domain":"usageLimits","reason":"accessNotConfigured","extendedHelp":"https://console.developers.google.com"}],"status":"PERMISSION_DENIED","details":[{"@type":"type.googleapis.com/google.rpc.ErrorInfo","reason":"SERVICE_DISABLED","domain":"googleapis.com","metadata":{"consumer":"projects/104464044983","serviceTitle":"Compute Engine API","activationUrl":"https://console.developers.google.com/apis/api/compute.googleapis.com/overview?project=104464044983","containerInfo":"104464044983","service":"compute.googleapis.com"}},{"@type":"type.googleapis.com/google.rpc.LocalizedMessage","locale":"en-US","message":"Compute Engine API has not been used in project 104464044983 before or it is disabled. Enable it by visiting https://console.developers.google.com/apis/api/compute.googleapis.com/overview?project=104464044983 then retry. If you enabled this API recently, wait a few minutes for the action to propagate to our systems and retry."},{"@type":"type.googleapis.com/google.rpc.Help","links":[{"description":"Google developers console API activation","url":"https://console.developers.google.com/apis/api/compute.googleapis.com/overview?project=104464044983"}]}]}},"response":{"statusCode":403}},"exit":1,"message":"Request to https://compute.googleapis.com/compute/v1/projects/104464044983 had HTTP Error: 403, Compute Engine API has not been used in project 104464044983 before or it is disabled. Enable it by visiting https://console.developers.google.com/apis/api/compute.googleapis.com/overview?project=104464044983 then retry. If you enabled this API recently, wait a few minutes for the action to propagate to our systems and retry.","status":403}
[debug] [2026-08-21T16:20:29.158Z] Checked if tokens are valid: true, expires at: 1787332633345
[debug] [2026-08-21T16:20:29.158Z] Checked if tokens are valid: true, expires at: 1787332633345
[debug] [2026-08-21T16:20:29.158Z] >>> [apiv2][query] GET https://compute.googleapis.com/compute/v1/projects/104464044983 [none]
[debug] [2026-08-21T16:20:29.332Z] <<< [apiv2][status] GET https://compute.googleapis.com/compute/v1/projects/104464044983 403
[debug] [2026-08-21T16:20:29.332Z] <<< [apiv2][body] GET https://compute.googleapis.com/compute/v1/projects/104464044983 {"error":{"code":403,"message":"Compute Engine API has not been used in project 104464044983 before or it is disabled. Enable it by visiting https://console.developers.google.com/apis/api/compute.googleapis.com/overview?project=104464044983 then retry. If you enabled this API recently, wait a few minutes for the action to propagate to our systems and retry.","errors":[{"message":"Compute Engine API has not been used in project 104464044983 before or it is disabled. Enable it by visiting https://console.developers.google.com/apis/api/compute.googleapis.com/overview?project=104464044983 then retry. If you enabled this API recently, wait a few minutes for the action to propagate to our systems and retry.","domain":"usageLimits","reason":"accessNotConfigured","extendedHelp":"https://console.developers.google.com"}],"status":"PERMISSION_DENIED","details":[{"@type":"type.googleapis.com/google.rpc.ErrorInfo","reason":"SERVICE_DISABLED","domain":"googleapis.com","metadata":{"consumer":"projects/104464044983","service":"compute.googleapis.com","serviceTitle":"Compute Engine API","activationUrl":"https://console.developers.google.com/apis/api/compute.googleapis.com/overview?project=104464044983","containerInfo":"104464044983"}},{"@type":"type.googleapis.com/google.rpc.LocalizedMessage","locale":"en-US","message":"Compute Engine API has not been used in project 104464044983 before or it is disabled. Enable it by visiting https://console.developers.google.com/apis/api/compute.googleapis.com/overview?project=104464044983 then retry. If you enabled this API recently, wait a few minutes for the action to propagate to our systems and retry."},{"@type":"type.googleapis.com/google.rpc.Help","links":[{"description":"Google developers console API activation","url":"https://console.developers.google.com/apis/api/compute.googleapis.com/overview?project=104464044983"}]}]}}
[debug] [2026-08-21T16:20:29.332Z] unable to look up default compute service account. Falling back to 104464044983-compute@developer.gserviceaccount.com. Error: {"name":"FirebaseError","children":[],"context":{"body":{"error":{"code":403,"message":"Compute Engine API has not been used in project 104464044983 before or it is disabled. Enable it by visiting https://console.developers.google.com/apis/api/compute.googleapis.com/overview?project=104464044983 then retry. If you enabled this API recently, wait a few minutes for the action to propagate to our systems and retry.","errors":[{"message":"Compute Engine API has not been used in project 104464044983 before or it is disabled. Enable it by visiting https://console.developers.google.com/apis/api/compute.googleapis.com/overview?project=104464044983 then retry. If you enabled this API recently, wait a few minutes for the action to propagate to our systems and retry.","domain":"usageLimits","reason":"accessNotConfigured","extendedHelp":"https://console.developers.google.com"}],"status":"PERMISSION_DENIED","details":[{"@type":"type.googleapis.com/google.rpc.ErrorInfo","reason":"SERVICE_DISABLED","domain":"googleapis.com","metadata":{"consumer":"projects/104464044983","service":"compute.googleapis.com","serviceTitle":"Compute Engine API","activationUrl":"https://console.developers.google.com/apis/api/compute.googleapis.com/overview?project=104464044983","containerInfo":"104464044983"}},{"@type":"type.googleapis.com/google.rpc.LocalizedMessage","locale":"en-US","message":"Compute Engine API has not been used in project 104464044983 before or it is disabled. Enable it by visiting https://console.developers.google.com/apis/api/compute.googleapis.com/overview?project=104464044983 then retry. If you enabled this API recently, wait a few minutes for the action to propagate to our systems and retry."},{"@type":"type.googleapis.com/google.rpc.Help","links":[{"description":"Google developers console API activation","url":"https://console.developers.google.com/apis/api/compute.googleapis.com/overview?project=104464044983"}]}]}},"response":{"statusCode":403}},"exit":1,"message":"Request to https://compute.googleapis.com/compute/v1/projects/104464044983 had HTTP Error: 403, Compute Engine API has not been used in project 104464044983 before or it is disabled. Enable it by visiting https://console.developers.google.com/apis/api/compute.googleapis.com/overview?project=104464044983 then retry. If you enabled this API recently, wait a few minutes for the action to propagate to our systems and retry.","status":403}
[info] i  functions: ensuring 104464044983-compute@developer.gserviceaccount.com access to secret SANITY_WRITE_TOKEN. 
[debug] [2026-08-21T16:20:29.333Z] Checked if tokens are valid: true, expires at: 1787332633345
[debug] [2026-08-21T16:20:29.333Z] Checked if tokens are valid: true, expires at: 1787332633345
[debug] [2026-08-21T16:20:29.333Z] >>> [apiv2][query] GET https://secretmanager.googleapis.com/v1/projects/miguel-angel-gutierrez-ibague/secrets/SANITY_WRITE_TOKEN:getIamPolicy [none]
[debug] [2026-08-21T16:20:29.624Z] <<< [apiv2][status] GET https://secretmanager.googleapis.com/v1/projects/miguel-angel-gutierrez-ibague/secrets/SANITY_WRITE_TOKEN:getIamPolicy 200
[debug] [2026-08-21T16:20:29.625Z] <<< [apiv2][body] GET https://secretmanager.googleapis.com/v1/projects/miguel-angel-gutierrez-ibague/secrets/SANITY_WRITE_TOKEN:getIamPolicy {"version":1,"etag":"BwZZkP1ELJM=","bindings":[{"role":"roles/secretmanager.secretAccessor","members":["serviceAccount:104464044983-compute@developer.gserviceaccount.com"]}]}
[info] ✔  secretmanager: Granted roles/secretmanager.secretAccessor on projects/miguel-angel-gutierrez-ibague/secrets/SANITY_WRITE_TOKEN to 104464044983-compute@developer.gserviceaccount.com 
[info] ✔  functions: ensured 104464044983-compute@developer.gserviceaccount.com access to SANITY_WRITE_TOKEN. 
[debug] [2026-08-21T16:20:29.628Z] Checked if tokens are valid: true, expires at: 1787332633345
[debug] [2026-08-21T16:20:29.628Z] Checked if tokens are valid: true, expires at: 1787332633345
[debug] [2026-08-21T16:20:29.628Z] >>> [apiv2][query] GET https://cloudbilling.googleapis.com/v1/projects/miguel-angel-gutierrez-ibague/billingInfo [none]
[debug] [2026-08-21T16:20:29.628Z] >>> [apiv2][(partial)header] GET https://cloudbilling.googleapis.com/v1/projects/miguel-angel-gutierrez-ibague/billingInfo  x-goog-user-project=miguel-angel-gutierrez-ibague
